JobSatisfaction,EnvironmentSatisfaction,MonthlyIncome,Age,YearsAtCompany,TotalWorkingYears,DistanceFromHome,OverTime_Yes,JobRole_Human Resources,JobRole_Laboratory Technician,JobRole_Manager,JobRole_Manufacturing Director,JobRole_Research Director,JobRole_Research Scientist,JobRole_Sales Executive,JobRole_Sales Representative,BusinessTravel_Travel_Frequently,BusinessTravel_Travel_Rarely,Attrition
4,2,5993,41,6,8,1,1,0,0,0,0,0,0,1,0,0,1,1
2,3,5130,49,10,10,8,0,0,0,0,0,0,1,0,0,1,0,0
3,4,2090,37,0,7,2,1,0,1,0,0,0,0,0,0,0,1,1
3,4,2909,33,8,8,3,1,0,0,0,0,0,1,0,0,1,0,0
2,1,3468,27,2,6,2,0,0,1,0,0,0,0,0,0,0,1,0
4,4,3068,32,7,8,2,0,0,1,0,0,0,0,0,0,1,0,0
1,3,2670,59,1,12,3,1,0,1,0,0,0,0,0,0,0,1,0
3,4,2693,30,1,1,24,0,0,1,0,0,0,0,0,0,0,1,0
3,4,9526,38,9,10,23,0,0,0,0,1,0,0,0,0,1,0,0
3,3,5237,36,7,17,27,0,0,0,0,0,0,0,0,0,0,1,0
2,1,2426,35,5,6,16,0,0,1,0,0,0,0,0,0,0,1,0
3,4,4193,29,9,10,15,1,0,1,0,0,0,0,0,0,0,1,0
3,1,2911,31,5,5,26,0,0,0,0,0,0,1,0,0,0,1,0
4,2,2661,34,2,3,19,0,0,1,0,0,0,0,0,0,0,1,0
3,3,2028,28,4,6,24,1,0,1,0,0,0,0,0,0,0,1,1
1,2,9980,29,10,10,21,0,0,0,0,1,0,0,0,0,0,1,0
2,1,3298,32,6,7,5,1,0,0,0,0,0,1,0,0,0,1,0
4,4,2935,22,1,1,16,1,0,1,0,0,0,0,0,0,0,0,0
4,1,15427,53,25,31,2,0,0,0,1,0,0,0,0,0,0,1,0
4,4,3944,38,3,6,2,1,0,0,0,0,0,1,0,0,0,1,0
3,1,4011,24,4,5,11,0,0,0,0,1,0,0,0,0,0,0,0
1,3,3407,36,5,10,9,0,0,0,0,0,0,0,0,1,0,1,1
2,1,11994,34,12,13,7,0,0,0,0,0,1,0,0,0,0,1,0
4,3,1232,21,0,0,15,0,0,0,0,0,0,1,0,0,0,1,0
1,2,2960,34,4,8,6,0,0,0,0,0,0,1,0,0,0,1,1
3,3,19094,53,14,26,5,0,0,0,1,0,0,0,0,0,0,1,0
1,2,3919,32,10,10,16,1,0,0,0,0,0,1,0,0,1,0,1
2,3,6825,42,9,10,8,0,0,0,0,0,0,0,1,0,0,1,0
4,1,10248,44,22,24,7,0,0,0,0,0,0,0,0,0,0,1,0
1,2,18947,46,2,22,2,0,0,0,1,0,0,0,0,0,0,1,0
4,3,2496,33,1,7,2,0,0,1,0,0,0,0,0,0,0,1,0
4,4,6465,44,4,9,10,1,0,0,0,0,0,0,0,0,0,1,0
3,4,2206,30,10,10,9,0,0,1,0,0,0,0,0,0,0,1,0
4,4,2086,39,1,19,5,0,0,0,0,0,0,0,0,1,0,1,1
4,2,2293,24,2,6,1,1,0,0,0,0,0,1,0,0,0,1,1
3,4,2645,43,5,6,2,0,0,0,0,0,0,1,0,0,0,1,0
3,1,2683,50,3,3,3,1,0,0,0,0,0,0,0,1,0,1,1
4,4,2014,35,2,2,2,0,0,0,0,0,0,0,0,1,0,1,0
1,2,3419,36,1,6,5,1,0,0,0,0,0,1,0,0,0,1,0
1,3,5376,33,5,10,1,0,0,0,0,0,0,0,1,0,1,0,0
4,3,1951,35,1,1,4,0,0,1,0,0,0,0,0,0,0,1,0
1,4,2341,27,1,1,2,0,0,1,0,0,0,0,0,0,0,1,0
3,1,2293,26,1,1,25,0,0,1,0,0,0,0,0,0,0,1,1
3,4,8726,27,9,9,8,0,0,0,0,0,0,0,1,0,1,0,0
4,3,4011,30,12,12,1,0,0,1,0,0,0,0,0,0,1,0,0
3,2,19545,41,22,23,12,0,0,0,0,0,1,0,0,0,0,1,1
3,2,4568,34,9,10,23,0,0,0,0,0,0,0,1,0,0,0,0
2,2,3022,37,1,8,19,0,0,0,0,0,0,1,0,0,0,1,0
4,1,5772,46,9,14,5,1,0,0,0,0,0,0,1,0,1,0,0
4,4,2269,35,1,1,8,0,0,1,0,0,0,0,0,0,0,1,0
3,1,5381,48,1,23,1,1,0,1,0,0,0,0,0,0,0,1,1
3,3,3441,28,2,2,5,1,0,1,0,0,0,0,0,0,0,1,1
1,2,5454,44,4,9,1,1,0,0,0,0,0,0,1,0,0,1,0
1,3,9884,35,4,10,11,1,0,0,0,0,0,0,0,0,0,0,0
4,3,4157,26,2,5,23,1,0,0,0,0,0,0,1,0,0,1,0
4,1,13458,33,15,15,1,1,0,0,0,0,1,0,0,0,1,0,0
1,2,9069,35,9,9,18,0,0,0,0,0,0,0,1,0,1,0,0
1,3,4014,35,2,4,23,1,0,1,0,0,0,0,0,0,0,1,0
4,4,5915,31,7,10,7,0,0,1,0,0,0,0,0,0,0,1,0
3,1,5993,37,7,7,1,0,0,0,0,1,0,0,0,0,0,1,0
4,1,6162,32,9,9,1,1,0,0,0,1,0,0,0,0,0,1,0
4,4,2406,38,10,10,29,0,0,1,0,0,0,0,0,0,1,0,0
3,2,18740,50,27,29,7,1,0,0,0,0,1,0,0,0,0,1,0
1,1,7637,59,21,28,25,0,0,0,0,0,0,0,1,0,0,1,0
3,3,10096,36,17,17,8,0,0,0,0,0,0,0,0,0,0,1,0
3,4,14756,55,5,21,8,1,0,0,1,0,0,0,0,0,0,1,0
2,2,6499,36,6,6,11,0,0,0,0,1,0,0,0,0,1,0,0
1,2,9724,45,1,25,7,0,0,0,0,0,0,1,0,0,0,1,0
1,2,2194,35,3,5,1,0,0,0,0,0,0,1,0,0,1,0,0
3,4,3388,36,1,2,9,1,0,0,0,0,0,1,0,0,0,1,1
3,1,5473,59,4,20,1,0,0,0,0,0,0,0,1,0,1,0,0
2,3,2703,29,5,6,2,0,0,0,0,0,0,1,0,0,0,1,0
2,3,2501,31,1,1,1,0,0,0,0,0,0,1,0,0,0,1,0
2,2,6220,32,10,10,1,0,0,0,0,0,0,1,0,0,0,1,0
4,2,3038,36,1,5,6,0,0,1,0,0,0,0,0,0,0,1,0
4,3,4424,31,11,11,8,0,0,0,0,1,0,0,0,0,0,1,0
1,3,4312,35,15,16,1,0,0,0,0,0,0,0,1,0,0,1,0
1,4,13245,45,0,17,6,1,0,0,0,0,1,0,0,0,0,1,0
3,1,13664,37,5,16,7,0,0,0,0,0,1,0,0,0,0,1,0
2,2,5021,46,4,16,5,1,1,0,0,0,0,0,0,0,0,1,0
4,4,5126,30,10,10,1,1,0,1,0,0,0,0,0,0,0,1,0
3,2,2859,35,6,6,1,0,0,0,0,0,0,1,0,0,0,1,0
4,1,10239,55,1,24,1,0,0,0,0,0,0,0,1,0,0,1,0
4,2,5329,38,13,17,6,1,0,0,0,0,0,1,0,0,0,0,0
2,1,4325,34,5,5,1,0,0,0,0,1,0,0,0,0,0,1,0
4,4,7260,56,6,37,7,0,0,0,0,1,0,0,0,0,0,1,0
1,3,2322,23,0,3,2,0,0,0,0,0,0,0,0,1,0,1,0
4,4,2075,51,4,10,9,0,0,1,0,0,0,0,0,0,0,1,0
4,3,4152,30,11,11,2,0,0,0,0,0,0,0,0,0,0,1,0
4,3,9619,46,9,9,9,0,0,0,0,0,0,0,1,0,0,1,1
2,3,13503,40,22,22,1,0,0,0,0,0,0,0,0,0,1,0,0
4,3,5441,51,10,11,21,1,0,0,0,0,0,0,1,0,0,1,0
2,3,5209,30,11,11,4,1,0,0,0,0,0,0,1,0,0,1,0
1,3,10673,46,10,21,1,1,0,0,0,0,0,0,0,0,1,0,0
3,2,5010,32,11,12,6,0,0,0,0,0,0,0,1,0,0,1,0
3,1,13549,54,4,16,2,0,0,0,0,0,1,0,0,0,0,1,0
3,1,4999,24,3,4,3,0,0,0,0,0,0,0,1,0,0,1,0
3,2,4221,28,5,5,4,0,0,0,0,0,0,0,1,0,0,0,0
3,4,13872,58,37,38,10,0,0,0,0,0,0,0,1,0,0,1,0
2,2,2042,44,3,17,23,0,0,1,0,0,0,0,0,0,0,0,0
1,3,2073,37,3,7,6,1,1,0,0,0,0,0,0,0,0,1,1
1,4,2956,32,1,1,1,0,0,0,0,0,0,1,0,0,0,1,0
4,4,2926,20,1,1,6,1,0,1,0,0,0,0,0,0,1,0,1
3,1,4809,34,16,16,6,0,0,0,0,0,0,1,0,0,0,1,0
4,3,5163,37,1,17,2,0,0,0,0,0,0,0,0,0,0,0,0
4,3,18844,59,3,30,2,0,0,0,1,0,0,0,0,0,0,0,0
2,1,18172,50,8,28,1,1,0,0,0,0,1,0,0,0,1,0,0
3,3,5744,25,6,6,5,1,0,0,0,0,0,0,1,0,0,1,1
4,4,2889,25,2,2,7,0,0,0,0,0,0,1,0,0,0,1,0
4,2,2871,22,0,1,15,0,0,1,0,0,0,0,0,0,0,1,0
1,1,7484,51,13,23,1,0,0,0,0,0,0,0,0,0,1,0,0
3,1,6074,34,9,9,7,1,0,1,0,0,0,0,0,0,1,0,1
4,4,17328,54,5,23,26,1,0,0,1,0,0,0,0,0,0,0,0
3,2,2774,24,5,6,18,0,0,1,0,0,0,0,0,0,0,1,0
2,3,4505,34,1,12,6,0,0,0,0,0,0,1,0,0,0,1,0
4,3,7428,37,5,12,3,0,0,0,0,0,0,0,1,0,0,1,0
1,3,11631,34,11,14,5,0,0,0,1,0,0,0,0,0,0,1,0
4,2,9738,36,9,10,11,0,0,0,0,0,0,0,1,0,1,0,0
4,1,2835,36,1,7,3,0,0,1,0,0,0,0,0,0,0,1,0
4,3,16959,43,25,25,26,1,0,0,1,0,0,0,0,0,1,0,0
3,1,2613,30,10,10,23,0,0,0,0,0,0,1,0,0,1,0,0
2,3,6146,33,7,8,22,0,0,0,0,0,0,0,1,0,0,0,0
2,2,4963,56,5,7,14,1,0,0,0,0,0,1,0,0,0,1,1
3,1,19537,51,20,23,6,0,0,0,0,0,1,0,0,0,0,1,0
3,2,6172,31,7,12,6,1,0,0,0,0,0,0,1,0,0,1,1
2,3,2368,26,5,5,6,0,0,0,0,0,0,1,0,0,0,1,0
4,4,10312,58,40,40,23,0,0,0,0,0,0,0,0,0,0,1,1
3,4,1675,19,0,0,22,1,0,0,0,0,0,0,0,1,0,1,1
4,3,2523,22,2,3,2,0,0,1,0,0,0,0,0,0,0,1,0
1,3,6567,49,15,16,20,0,0,0,0,1,0,0,0,0,0,1,0
3,2,4739,43,3,18,28,0,0,0,0,0,0,1,0,0,1,0,0
4,3,9208,50,2,16,12,0,0,0,0,0,0,0,1,0,1,0,0
3,2,4559,31,2,4,20,1,0,0,0,0,0,0,1,0,0,1,1
3,3,8189,41,9,12,9,1,0,0,0,0,0,0,1,0,0,1,0
3,3,2942,26,8,8,25,0,1,0,0,0,0,0,0,0,0,1,0
2,2,4941,36,3,7,6,0,0,0,0,1,0,0,0,0,0,1,0
4,1,10650,51,4,18,8,0,0,0,0,1,0,0,0,0,1,0,1
3,4,5902,39,15,17,4,0,0,0,0,0,0,0,1,0,0,1,0
3,1,8639,25,2,6,28,0,0,0,0,0,0,0,1,0,0,1,0
4,3,6347,30,11,12,9,1,1,0,0,0,0,0,0,0,0,1,0
1,1,4200,32,5,10,9,0,0,1,0,0,0,0,0,0,0,1,1
4,3,3452,45,6,9,29,0,0,0,0,0,0,1,0,0,0,1,0
3,4,4317,38,3,19,3,1,0,0,0,0,0,1,0,0,0,1,0
3,1,2632,30,5,5,18,0,0,0,0,0,0,1,0,0,0,1,0
4,4,4668,32,8,9,9,0,0,0,0,0,0,0,1,0,1,0,0
1,4,3204,30,3,8,5,0,0,0,0,0,0,1,0,0,0,1,0
4,2,2720,30,5,6,2,0,0,1,0,0,0,0,0,0,0,1,0
1,4,17181,41,7,21,10,0,0,0,1,0,0,0,0,0,1,0,0
1,3,2238,41,5,7,9,0,0,1,0,0,0,0,0,0,0,1,0
2,2,1483,19,1,1,3,0,0,1,0,0,0,0,0,0,0,1,0
2,2,5605,40,20,20,26,0,0,0,0,0,0,1,0,0,1,0,0
2,3,7295,35,10,10,1,0,0,0,0,0,0,0,1,0,0,1,0
3,2,2306,53,7,13,6,1,0,0,0,0,0,0,0,1,0,1,0
2,2,2348,45,17,20,9,0,0,1,0,0,0,0,0,0,0,1,0
4,2,8998,32,9,9,8,0,0,0,0,0,0,0,1,0,1,0,0
3,4,4319,29,10,10,1,0,0,0,0,1,0,0,0,0,0,0,0
3,2,6132,51,1,10,7,0,0,0,0,1,0,0,0,0,0,1,0
2,2,3346,58,1,9,9,1,0,0,0,0,0,1,0,0,0,1,0
4,3,10855,40,12,15,4,0,0,0,0,0,0,0,1,0,0,1,0
3,3,2231,34,4,6,2,0,0,0,0,0,0,0,0,1,1,0,0
4,3,2323,22,2,2,19,0,0,0,0,0,0,1,0,0,0,1,0
2,4,2024,27,2,6,9,0,0,0,0,0,0,1,0,0,0,0,0
4,3,2713,28,5,5,21,0,0,0,0,0,0,1,0,0,0,1,0
4,3,9439,57,5,12,24,1,0,0,0,0,0,0,0,0,0,1,0
3,3,2566,27,1,1,3,1,0,0,0,0,0,1,0,0,0,0,0
2,3,19926,50,5,21,11,0,0,0,1,0,0,0,0,0,0,1,0
3,1,2451,41,9,13,14,0,0,0,0,0,0,1,0,0,0,1,0
4,2,9419,30,10,12,5,0,0,0,0,0,0,0,1,0,0,1,0
4,1,8686,38,8,12,1,0,0,0,0,0,0,0,1,0,0,1,0
3,3,3038,32,5,8,6,0,0,0,0,0,0,1,0,0,0,1,0
2,3,3058,27,5,6,17,1,0,0,0,0,0,1,0,0,0,1,0
1,3,2325,19,0,1,1,0,0,0,0,0,0,0,0,1,1,0,1
2,4,2088,36,8,13,3,0,0,1,0,0,0,0,0,0,1,0,0
1,3,3072,30,12,12,9,0,0,1,0,0,0,0,0,0,0,0,0
1,3,5006,45,5,9,4,1,0,0,0,0,0,0,1,0,0,1,0
1,3,4257,56,2,19,8,1,0,0,0,0,0,1,0,0,0,1,0
4,3,2500,33,3,4,2,0,0,0,0,0,0,1,0,0,0,1,0
4,2,1102,19,1,1,2,0,0,1,0,0,0,0,0,0,0,1,1
1,2,10453,46,24,24,1,0,0,0,0,0,0,0,1,0,0,1,0
4,3,2288,38,2,2,9,0,0,1,0,0,0,0,0,0,0,1,0
4,3,3929,31,4,7,12,1,0,0,0,0,0,1,0,0,0,1,0
2,4,2311,34,3,9,27,0,0,0,0,0,0,1,0,0,0,1,0
2,2,3140,41,4,4,20,1,0,0,0,0,0,0,0,1,0,1,1
3,3,3690,50,3,5,1,0,0,1,0,0,0,0,0,0,0,1,0
1,4,4450,53,4,5,13,0,0,0,0,1,0,0,0,0,0,1,0
2,4,2756,33,8,8,14,0,0,0,0,0,0,1,0,0,0,1,0
3,4,19033,40,20,21,4,0,0,0,1,0,0,0,0,0,0,1,0
2,3,18722,55,24,36,14,0,0,0,0,0,1,0,0,0,0,1,0
3,4,9547,34,10,10,2,0,0,0,0,1,0,0,0,0,1,0,0
2,4,13734,51,7,21,3,0,0,0,0,0,0,0,0,0,0,1,0
3,3,19999,52,33,34,1,0,0,0,1,0,0,0,0,0,0,1,0
2,4,2279,27,7,7,9,0,0,0,0,0,0,1,0,0,0,1,0
3,2,5916,35,1,8,23,1,0,0,0,1,0,0,0,0,0,1,1
4,4,2089,43,5,7,7,0,0,0,0,0,0,1,0,0,0,0,0
4,1,16792,45,20,22,2,0,0,0,1,0,0,0,0,0,0,0,0
1,2,3564,37,8,8,21,1,0,0,0,0,0,1,0,0,0,1,0
2,2,4425,35,6,10,2,0,0,1,0,0,0,0,0,0,1,0,0
3,3,5265,42,5,11,21,0,0,0,0,1,0,0,0,0,0,0,0
3,4,6553,38,1,14,2,0,0,0,0,1,0,0,0,0,0,1,0
4,4,6261,38,7,9,29,0,0,0,0,1,0,0,0,0,0,1,0
1,3,4298,27,2,6,1,0,0,0,0,1,0,0,0,0,1,0,0
4,4,6804,49,7,7,18,1,0,0,0,1,0,0,0,0,0,0,0
3,4,3815,34,5,5,10,1,0,0,0,0,0,1,0,0,1,0,0
4,3,2741,40,7,15,19,1,0,1,0,0,0,0,0,0,0,1,0
1,2,6673,38,1,17,29,1,0,0,0,0,0,0,0,0,0,1,1
4,2,7639,29,10,10,27,0,0,0,0,0,0,0,1,0,0,1,1
2,4,2328,22,4,4,5,1,0,0,0,0,0,1,0,0,0,1,0
4,2,2153,36,8,8,18,0,0,1,0,0,0,0,0,0,1,0,0
4,4,4876,40,3,5,9,0,0,0,0,0,0,0,0,0,0,0,0
1,4,9396,46,4,17,1,0,0,0,0,0,0,0,0,0,0,1,0
4,4,10400,32,14,14,4,0,0,0,0,0,0,0,1,0,0,1,1
3,3,8474,30,11,12,1,0,0,0,0,1,0,0,0,0,0,0,0
3,4,9981,27,7,7,20,0,0,0,0,0,0,0,1,0,1,0,0
2,2,12490,51,10,16,8,0,0,0,0,0,1,0,0,0,0,1,0
1,4,2657,30,5,8,3,1,0,0,0,0,0,1,0,0,0,1,1
4,4,13591,41,1,16,6,1,0,0,1,0,0,0,0,0,0,1,0
1,3,6696,30,6,9,26,0,0,0,0,0,0,0,1,0,1,0,1
3,3,2058,29,6,7,1,0,0,0,0,0,0,1,0,0,0,1,1
4,4,8865,45,19,23,6,0,0,0,0,0,0,0,1,0,0,0,0
1,4,5940,54,6,16,3,0,0,0,0,0,0,0,1,0,0,1,0
2,4,5914,36,13,16,5,0,0,1,0,0,0,0,0,0,0,1,0
2,3,2622,33,3,7,4,0,0,0,0,0,0,1,0,0,0,1,0
4,2,12185,37,10,10,11,1,0,0,0,0,1,0,0,0,1,0,0
3,1,10609,38,16,17,3,0,0,0,0,0,0,0,1,0,0,1,0
3,3,4345,31,5,6,1,0,0,0,0,1,0,0,0,0,0,0,0
4,3,2177,59,1,7,3,0,0,0,0,0,0,1,0,0,0,1,0
4,1,2793,37,9,13,4,0,0,0,0,0,0,0,0,1,1,0,0
4,2,7918,29,11,11,1,0,0,0,0,0,0,0,1,0,1,0,0
3,3,8789,35,10,10,1,0,0,0,0,0,0,0,1,0,1,0,0
4,3,2389,29,4,4,18,1,0,0,0,0,0,1,0,0,0,1,1
4,3,3212,52,2,6,2,0,0,1,0,0,0,0,0,0,0,1,0
4,3,19232,42,22,22,4,0,0,0,1,0,0,0,0,0,0,1,0
3,2,2267,59,2,7,6,0,1,0,0,0,0,0,0,0,0,1,0
4,4,19517,50,7,32,1,0,0,0,1,0,0,0,0,0,0,1,0
4,3,2436,33,5,8,14,1,0,1,0,0,0,0,0,0,0,1,1
4,4,16064,43,17,22,16,1,0,0,1,0,0,0,0,0,0,1,0
1,1,2707,33,9,13,2,0,0,1,0,0,0,0,0,0,0,1,1
3,1,19068,52,33,33,2,1,0,0,1,0,0,0,0,0,0,0,0
2,3,3931,32,4,6,4,0,0,0,0,0,0,0,0,1,0,1,0
3,4,3730,32,3,4,1,1,0,1,0,0,0,0,0,0,0,1,1
3,3,2232,39,3,7,1,0,0,1,0,0,0,0,0,0,0,1,0
4,3,4465,32,3,4,26,0,0,0,0,0,0,0,1,0,0,0,0
1,3,3072,41,1,17,19,0,0,0,0,0,0,1,0,0,0,1,0
4,1,3319,40,9,9,24,0,0,0,0,0,0,1,0,0,0,1,0
4,3,19202,45,24,25,1,0,0,0,1,0,0,0,0,0,0,1,0
3,2,13675,31,2,9,3,0,0,0,0,0,1,0,0,0,1,0,0
4,3,2911,33,2,2,5,0,0,0,0,0,0,1,0,0,0,1,0
1,4,5957,34,11,13,2,0,0,0,0,1,0,0,0,0,0,1,0
1,3,3920,37,3,17,1,0,0,0,0,0,0,1,0,0,0,1,0
3,1,6434,45,3,9,7,0,0,0,0,1,0,0,0,0,1,0,0
3,1,10048,37,1,17,10,0,0,0,0,1,0,0,0,0,1,0,1
3,3,10938,39,19,20,2,0,0,0,0,0,0,0,0,0,1,0,0
4,3,2340,29,6,6,15,0,0,0,0,0,0,1,0,0,0,1,0
1,4,6545,42,3,10,17,1,0,0,0,0,0,1,0,0,0,1,0
4,4,6931,29,3,10,20,0,0,0,0,0,0,0,1,0,0,1,0
3,1,4898,25,4,5,1,0,0,0,0,1,0,0,0,0,0,1,0
1,4,2593,42,9,10,2,1,0,1,0,0,0,0,0,0,0,1,0
3,1,19436,40,21,22,2,0,0,0,0,0,1,0,0,0,0,1,0
4,3,2723,51,1,1,1,0,0,0,0,0,0,1,0,0,0,1,0
2,3,3479,31,5,6,29,0,0,1,0,0,0,0,0,0,1,0,1
2,2,2794,32,5,5,7,0,0,1,0,0,0,0,0,0,1,0,0
4,4,5249,38,8,13,2,0,0,0,0,0,0,0,1,0,0,0,0
1,4,2176,32,6,9,2,0,0,1,0,0,0,0,0,0,0,1,0
2,3,16872,46,7,28,2,1,0,0,1,0,0,0,0,0,0,1,0
3,1,3485,28,0,5,2,0,0,1,0,0,0,0,0,0,0,1,1
2,1,6644,29,0,10,2,0,0,0,0,0,0,0,1,0,0,1,0
4,2,5582,31,9,10,23,0,0,0,0,0,0,0,0,0,0,1,0
1,2,4000,25,6,6,5,0,0,0,0,0,0,0,0,0,0,0,0
4,3,13496,45,20,21,20,1,0,0,0,0,0,0,0,0,0,1,0
4,4,3210,36,15,16,6,0,0,1,0,0,0,0,0,0,0,1,0
1,4,19045,55,36,37,1,1,0,0,1,0,0,0,0,0,0,1,0
2,1,11849,47,10,10,29,1,0,0,1,0,0,0,0,0,0,0,1
4,4,2070,28,5,5,9,0,0,0,0,0,0,1,0,0,0,1,0
4,3,6502,37,5,7,6,0,0,0,0,0,0,0,1,0,0,1,0
3,4,3230,21,3,3,3,0,0,0,0,0,0,1,0,0,0,1,0
4,1,13603,37,5,15,1,1,0,0,0,0,1,0,0,0,0,0,0
2,2,11996,35,7,10,22,0,0,0,1,0,0,0,0,0,0,1,0
1,1,5605,38,8,8,7,1,0,0,0,0,0,0,1,0,0,1,0
2,3,6397,26,6,6,1,0,0,0,0,1,0,0,0,0,1,0,0
2,1,19144,50,10,28,4,0,0,0,0,0,1,0,0,0,0,1,0
3,3,17584,53,5,21,3,1,0,0,0,0,1,0,0,0,0,1,0
3,2,4907,42,20,20,1,0,0,0,0,0,0,0,1,0,0,1,0
4,2,4554,29,10,10,2,0,0,0,0,0,0,0,1,0,1,0,0
4,2,5415,55,10,12,20,1,0,1,0,0,0,0,0,0,0,1,0
1,1,4741,26,5,5,11,1,0,0,0,0,0,0,0,0,1,0,0
4,4,2115,37,17,17,1,0,0,0,0,0,0,1,0,0,0,1,0
3,4,3161,44,1,19,24,1,0,1,0,0,0,0,0,0,1,0,1
4,4,5745,38,2,10,23,0,0,0,0,0,0,0,0,0,0,1,0
2,1,2373,26,3,5,16,1,0,1,0,0,0,0,0,0,0,1,1
4,4,3310,28,5,5,8,0,0,0,0,0,0,1,0,0,0,1,0
1,3,18665,49,3,22,10,1,0,0,0,0,1,0,0,0,1,0,0
2,3,4485,36,8,10,3,0,0,0,0,0,0,1,0,0,0,1,0
2,4,2789,31,2,2,5,0,0,0,0,0,0,0,0,1,1,0,0
4,4,5828,26,8,8,4,1,0,0,0,0,0,0,1,0,0,1,1
4,2,2326,37,4,4,9,1,0,0,0,0,0,1,0,0,1,0,0
2,3,13525,42,20,23,26,0,0,0,0,0,0,0,1,0,1,0,0
3,3,1420,18,0,0,3,0,0,1,0,0,0,0,0,0,0,1,1
2,3,8020,35,11,12,16,0,0,0,0,0,0,0,1,0,0,1,0
4,3,3688,36,1,4,18,0,0,1,0,0,0,0,0,0,1,0,0
2,4,5482,51,4,13,2,0,0,0,0,1,0,0,0,0,0,1,0
2,4,16015,41,22,22,2,0,0,0,1,0,0,0,0,0,0,1,0
3,4,1200,18,0,0,10,0,0,0,0,0,0,0,0,1,0,1,0
1,2,5661,28,8,9,16,0,0,0,0,0,0,0,0,0,0,1,0
4,2,6929,31,8,10,7,0,0,0,0,0,0,0,1,0,0,1,0
4,3,9613,39,18,19,1,0,0,0,0,0,0,0,0,0,0,1,0
2,2,5674,36,9,11,24,0,0,1,0,0,0,0,0,0,0,0,0
3,4,5484,32,13,13,7,0,0,0,0,0,0,0,1,0,0,1,0
2,1,12061,38,10,19,25,0,0,0,0,0,1,0,0,0,0,1,0
3,4,5660,58,5,12,1,1,0,0,0,0,0,0,0,0,0,0,0
4,3,4821,31,5,6,5,1,0,0,0,0,0,1,0,0,0,1,0
1,1,6410,31,2,9,2,0,1,0,0,0,0,0,0,0,0,1,0
1,1,5210,45,24,24,7,0,0,1,0,0,0,0,0,0,1,0,0
4,3,2695,31,2,3,2,1,0,0,0,0,0,1,0,0,0,1,0
2,4,11878,33,10,12,5,0,0,0,1,0,0,0,0,0,1,0,0
1,3,17068,39,21,21,10,1,0,0,1,0,0,0,0,0,0,1,0
4,3,2455,43,8,9,10,0,0,1,0,0,0,0,0,0,1,0,0
3,3,13964,49,7,25,1,1,0,0,0,0,0,0,0,0,0,1,0
2,3,4941,52,8,11,8,0,0,0,0,0,0,1,0,0,0,1,1
2,3,2478,27,4,4,5,1,0,0,0,0,0,1,0,0,0,1,0
2,3,5228,32,13,13,8,1,0,0,0,0,0,0,1,0,0,1,0
3,4,4478,27,5,5,2,1,0,0,0,0,0,0,1,0,0,1,0
4,4,7547,31,7,13,7,0,0,0,0,0,0,0,1,0,0,1,0
4,1,5055,32,7,10,2,0,0,0,0,0,0,1,0,0,0,1,0
4,1,3464,28,3,5,2,1,0,0,0,0,0,1,0,0,0,1,1
4,4,5775,30,10,11,28,0,0,0,0,0,0,1,0,0,0,1,0
3,3,8943,31,10,10,7,0,0,0,0,1,0,0,0,0,1,0,0
4,3,19272,39,21,21,7,0,0,0,1,0,0,0,0,0,1,0,0
3,4,5238,39,1,12,3,1,0,0,0,0,0,0,1,0,0,1,1
4,2,4682,33,7,9,10,0,0,0,0,0,0,0,1,0,1,0,0
3,4,18300,47,3,21,5,0,0,0,0,0,1,0,0,0,0,1,0
3,3,5257,43,9,9,10,0,0,1,0,0,0,0,0,0,1,0,0
2,3,6349,27,5,6,1,1,0,0,0,0,0,0,1,0,0,0,0
3,4,4869,54,4,20,20,0,0,0,0,0,0,1,0,0,1,0,0
1,3,9985,43,1,10,7,0,0,0,0,0,0,0,0,0,0,1,0
4,4,3697,45,10,12,8,0,0,0,0,0,0,1,0,0,0,1,0
4,2,7457,40,4,6,1,1,0,0,0,0,0,0,1,0,0,1,0
1,2,2119,29,7,7,8,1,0,1,0,0,0,0,0,0,0,1,1
4,2,3983,29,3,4,9,0,0,1,0,0,0,0,0,0,0,1,0
3,4,6118,30,10,10,5,0,0,0,0,0,0,0,1,0,0,1,0
2,2,6214,27,8,8,8,0,0,0,0,0,0,0,1,0,0,1,0
4,4,6347,37,6,8,5,0,0,0,0,1,0,0,0,0,0,1,0
4,3,11510,38,11,12,15,1,0,0,0,0,1,0,0,0,0,1,0
4,3,7143,31,11,11,7,1,0,0,0,1,0,0,0,0,0,1,0
2,4,8268,29,7,7,10,1,0,0,0,0,0,0,1,0,0,1,0
2,3,8095,35,16,17,5,0,0,0,0,1,0,0,0,0,0,1,0
4,3,2904,23,4,4,26,0,0,0,0,0,0,1,0,0,0,1,0
2,4,6032,41,5,8,6,1,0,0,0,1,0,0,0,0,0,1,0
3,2,2976,47,0,5,4,0,0,0,0,0,0,0,0,1,1,0,0
4,1,15992,42,1,16,23,0,0,0,0,0,1,0,0,0,0,1,0
3,4,4649,29,4,4,2,0,0,0,0,0,0,0,1,0,0,0,0
3,3,2696,42,3,4,2,1,1,0,0,0,0,0,0,0,0,1,0
2,3,2370,32,8,8,2,0,0,1,0,0,0,0,0,0,0,1,0
3,1,12504,48,0,15,29,0,0,0,1,0,0,0,0,0,0,1,0
1,3,5974,37,7,13,6,1,0,0,0,0,0,1,0,0,0,1,0
3,4,4736,30,2,4,25,1,0,0,0,0,0,0,1,0,0,0,0
3,3,5296,26,8,8,1,0,0,0,0,0,0,0,1,0,0,1,0
4,1,6781,42,1,14,2,0,0,0,0,0,0,0,0,0,0,1,0
2,1,2174,21,3,3,1,1,0,0,0,0,0,0,0,1,1,0,1
4,4,6653,36,1,7,1,0,0,0,0,0,0,0,1,0,0,0,0
4,1,9699,36,13,16,3,0,0,0,0,0,0,0,1,0,1,0,0
3,4,6755,57,3,15,1,0,0,0,0,0,0,0,0,0,0,1,0
3,4,2213,40,7,10,10,1,0,1,0,0,0,0,0,0,0,1,0
4,1,2610,21,3,3,9,0,0,0,0,0,0,0,0,1,0,0,0
3,4,2851,33,1,1,5,1,0,0,0,0,0,0,0,1,0,1,1
1,3,3452,37,5,17,10,0,0,1,0,0,0,0,0,0,0,1,0
3,3,5258,46,1,7,7,0,0,0,0,1,0,0,0,0,0,0,0
2,1,9355,41,8,8,4,0,0,0,0,0,0,0,1,0,1,0,1
4,4,10496,50,4,20,10,0,0,0,0,0,0,0,0,0,0,1,0
3,3,6380,40,6,8,22,1,0,0,0,0,0,0,1,0,0,1,1
2,3,2657,31,2,3,9,1,0,0,0,0,0,1,0,0,0,1,0
2,3,2716,21,1,1,12,0,0,0,0,0,0,0,0,1,0,1,1
4,4,2201,29,3,6,23,0,0,0,0,0,0,1,0,0,0,1,0
2,3,6540,35,1,10,9,0,0,0,0,0,0,0,0,0,0,1,0
2,4,3816,27,5,5,1,0,0,1,0,0,0,0,0,0,0,1,0
4,2,5253,28,7,7,9,0,0,0,0,0,0,0,1,0,0,1,0
3,2,10965,49,5,26,7,0,0,0,0,0,0,0,0,0,0,1,0
4,3,4936,51,7,18,14,0,0,0,0,0,0,0,1,0,0,1,0
3,4,2543,36,2,6,2,0,0,0,0,0,0,1,0,0,0,1,0
4,1,5304,34,5,9,19,1,0,0,0,0,0,0,1,0,0,0,1
4,3,16659,55,5,30,2,1,0,0,1,0,0,0,0,0,0,1,0
3,4,4260,24,5,5,10,1,0,0,0,0,0,0,1,0,0,1,0
2,3,2476,30,1,1,2,0,0,0,0,0,0,0,0,1,0,1,0
1,3,3102,26,6,7,3,0,0,0,0,0,0,1,0,0,1,0,1
2,1,2244,22,2,2,11,0,0,0,0,0,0,1,0,0,0,1,0
3,2,7596,36,10,10,2,0,0,0,0,0,0,0,1,0,0,1,0
4,3,2285,30,1,3,4,1,0,0,0,0,0,1,0,0,1,0,1
1,4,3034,37,18,18,14,0,0,1,0,0,0,0,0,0,0,1,0
2,4,5715,40,5,8,2,0,0,0,0,0,0,0,1,0,0,1,0
1,2,2576,42,5,8,1,0,0,1,0,0,0,0,0,0,0,1,0
2,3,4197,37,1,18,10,1,0,0,0,1,0,0,0,0,0,1,0
2,1,14336,43,25,25,12,0,0,0,0,0,1,0,0,0,0,1,0
3,2,3448,40,1,20,2,0,0,1,0,0,0,0,0,0,0,1,0
1,1,19406,54,4,24,5,0,0,0,0,0,1,0,0,0,0,1,0
3,3,6538,34,3,6,4,0,0,0,0,0,0,0,1,0,0,0,0
1,2,4306,31,13,13,7,0,0,0,0,1,0,0,0,0,0,1,0
4,4,2258,43,3,8,21,0,0,1,0,0,0,0,0,0,1,0,0
3,3,4522,43,5,8,8,1,0,0,0,0,0,0,0,0,0,1,0
4,2,4487,25,5,5,4,1,0,0,0,0,0,0,1,0,0,1,0
3,2,4449,37,13,15,25,1,0,0,0,0,0,1,0,0,0,0,0
1,4,2218,31,4,4,1,0,0,1,0,0,0,0,0,0,0,1,0
3,2,19197,39,21,21,1,1,0,0,1,0,0,0,0,0,1,0,0
1,3,13212,56,7,36,6,0,0,0,0,0,0,0,1,0,1,0,0
3,2,6577,30,5,6,12,0,0,0,0,0,0,0,1,0,0,1,0
1,2,8392,41,10,10,1,0,0,0,0,0,0,0,1,0,0,1,0
1,3,4558,28,10,10,17,0,0,1,0,0,0,0,0,0,0,1,0
1,1,4031,25,2,6,3,0,0,1,0,0,0,0,0,0,0,1,1
3,4,7969,52,5,28,3,1,0,0,0,1,0,0,0,0,0,1,0
4,1,2654,45,2,8,10,0,0,0,0,0,0,1,0,0,0,1,0
4,4,16555,52,5,31,4,0,0,0,1,0,0,0,0,0,0,1,0
3,1,4556,42,5,19,29,0,0,0,0,0,0,1,0,0,1,0,0
4,3,6091,30,5,11,2,0,0,0,0,1,0,0,0,0,0,1,0
1,1,19566,60,29,33,7,0,0,0,1,0,0,0,0,0,0,1,0
3,3,4810,46,10,19,18,0,0,0,0,1,0,0,0,0,0,1,0
4,4,4523,42,6,7,28,0,0,0,0,0,0,0,0,0,1,0,0
2,1,3202,24,5,6,1,1,0,0,0,0,0,0,0,1,0,1,1
3,4,2351,34,2,3,6,0,0,0,0,0,0,0,0,1,1,0,1
4,4,1702,38,1,1,2,1,0,1,0,0,0,0,0,0,1,0,0
3,3,18041,40,20,21,2,0,0,0,1,0,0,0,0,0,0,1,0
4,1,2886,26,3,3,23,0,0,0,0,0,0,1,0,0,0,1,0
4,3,2097,30,5,9,3,0,0,1,0,0,0,0,0,0,0,0,0
3,2,11935,29,10,10,3,0,0,0,0,0,1,0,0,0,0,1,0
2,3,2546,29,2,6,25,0,0,0,0,0,0,1,0,0,0,1,1
4,1,2564,19,1,1,2,0,1,0,0,0,0,0,0,0,0,1,1
1,3,8412,30,9,10,22,0,0,0,0,0,0,0,1,0,0,0,0
4,1,14118,57,1,32,29,0,0,0,1,0,0,0,0,0,0,1,0
3,2,17046,50,27,28,29,0,0,0,1,0,0,0,0,0,0,1,0
4,3,2564,30,11,12,2,0,0,1,0,0,0,0,0,0,0,0,0
1,3,10266,60,18,22,28,0,0,0,0,0,0,0,1,0,1,0,0
4,1,5070,47,5,20,2,0,0,0,0,1,0,0,0,0,0,1,0
3,1,17861,46,3,26,2,0,0,0,0,0,1,0,0,0,0,1,0
3,4,4230,35,5,6,22,0,0,1,0,0,0,0,0,0,0,1,0
3,3,3780,54,1,19,8,0,0,1,0,0,0,0,0,0,0,1,0
3,4,2768,34,7,14,2,0,0,0,0,0,0,1,0,0,0,1,0
4,3,9071,46,3,15,10,1,0,0,0,0,0,0,1,0,0,1,0
2,3,10648,31,13,13,9,0,0,0,0,1,0,0,0,0,0,1,0
3,2,13610,33,7,15,15,1,0,0,1,0,0,0,0,0,0,1,1
4,1,3408,33,4,8,10,0,0,1,0,0,0,0,0,0,0,1,1
2,4,2983,30,3,4,7,0,0,0,0,0,0,0,0,1,0,1,0
3,4,7632,35,8,10,16,1,0,0,0,0,0,0,0,0,0,1,0
3,1,9824,31,1,12,20,0,0,0,0,0,0,0,0,0,1,0,1
1,2,9950,34,3,11,23,1,1,0,0,0,0,0,0,0,1,0,1
3,2,2093,42,2,8,5,0,0,1,0,0,0,0,0,0,1,0,0
4,2,9980,36,10,10,10,0,0,0,0,0,0,0,1,0,0,0,0
3,3,3894,22,2,4,4,0,0,1,0,0,0,0,0,0,1,0,1
4,2,4051,48,9,14,2,0,0,0,0,0,0,0,1,0,0,1,0
2,1,16835,55,10,37,18,0,0,0,1,0,0,0,0,0,0,1,0
4,4,6230,41,14,16,10,0,0,0,0,0,0,0,1,0,0,0,0
3,2,4717,35,11,15,1,0,0,0,0,0,0,0,1,0,0,1,0
3,2,13237,40,20,22,6,0,0,0,0,1,0,0,0,0,0,1,0
3,3,3755,39,8,8,8,0,0,1,0,0,0,0,0,0,1,0,0
4,2,6582,31,6,10,2,1,0,0,0,0,0,0,1,0,0,1,0
1,4,7406,42,10,10,24,1,0,0,0,1,0,0,0,0,0,1,0
2,4,4805,45,8,9,2,0,0,0,0,0,0,0,1,0,0,1,0
3,2,2741,26,7,8,17,1,1,0,0,0,0,0,0,0,1,0,1
4,4,4262,29,3,8,19,0,0,0,0,1,0,0,0,0,0,1,0
3,1,16184,33,6,10,1,0,0,0,0,0,1,0,0,0,0,1,0
4,3,11557,31,5,10,7,0,0,0,1,0,0,0,0,0,0,1,0
2,2,1878,18,0,0,5,1,0,0,0,0,0,0,0,1,1,0,1
1,3,10932,40,1,20,28,0,0,0,0,0,0,0,1,0,0,0,0
3,1,6811,41,8,10,2,1,0,0,0,0,0,0,0,0,0,0,0
3,1,4306,26,0,8,29,0,0,0,0,0,0,0,1,0,0,1,0
3,1,4859,35,5,5,1,0,0,0,0,0,0,0,1,0,0,1,0
4,4,5337,34,10,10,21,0,0,0,0,0,0,0,1,0,0,1,0
4,3,2340,26,1,1,24,1,0,1,0,0,0,0,0,0,0,1,1
4,2,7491,37,6,12,1,0,0,0,0,1,0,0,0,0,0,1,0
3,1,10527,46,2,28,18,0,0,0,0,0,0,0,0,0,1,0,0
1,2,16595,41,18,22,2,0,0,0,1,0,0,0,0,0,0,1,0
2,1,8834,37,9,9,9,0,0,0,0,0,0,0,1,0,0,0,0
1,4,5577,52,10,18,6,1,0,0,0,0,0,1,0,0,0,1,0
3,4,4707,32,4,6,11,0,0,0,0,0,0,0,1,0,0,0,1
4,4,2400,24,2,3,24,0,0,0,0,0,0,0,0,1,1,0,0
3,3,9824,38,1,18,10,0,0,0,0,0,0,0,0,0,0,1,0
2,2,6447,37,6,8,1,0,0,0,0,1,0,0,0,0,0,1,0
3,4,19502,49,31,31,18,1,0,0,0,0,1,0,0,0,0,1,0
4,2,2725,24,6,6,23,1,0,0,0,0,0,1,0,0,0,1,0
2,1,6272,26,5,6,28,0,0,0,0,0,0,0,1,0,0,1,0
2,4,2127,24,1,1,17,0,0,1,0,0,0,0,0,0,0,1,0
2,1,18200,50,32,32,3,0,0,0,1,0,0,0,0,0,1,0,0
3,2,2096,25,7,7,13,0,0,0,0,0,0,0,0,1,0,1,0
3,1,2886,24,6,6,7,1,0,1,0,0,0,0,0,0,1,0,1
1,2,2033,30,1,1,12,0,0,0,0,0,0,0,0,1,1,0,1
4,2,3622,34,6,6,1,1,0,0,0,0,0,1,0,0,0,1,0
1,2,4233,31,3,9,13,0,0,0,0,0,0,0,1,0,0,1,1
4,1,3681,35,3,9,25,0,0,1,0,0,0,0,0,0,0,1,0
4,1,5460,31,7,13,6,0,0,0,0,0,0,0,1,0,0,1,0
3,1,2187,27,5,6,6,0,0,0,0,0,0,1,0,0,0,1,0
3,4,9602,37,3,17,2,1,0,0,0,0,0,0,1,0,0,1,0
2,4,2836,20,1,1,1,0,0,0,0,0,0,1,0,0,0,1,0
4,3,4089,42,10,10,2,0,0,0,0,0,0,0,0,0,0,1,0
4,2,16627,43,1,21,6,1,0,0,0,0,1,0,0,0,0,1,0
1,3,2619,38,0,8,1,0,0,0,0,0,0,1,0,0,0,1,0
3,4,5679,43,8,10,9,1,0,1,0,0,0,0,0,0,1,0,0
1,4,15402,48,3,21,1,0,0,0,1,0,0,0,0,0,0,1,0
3,1,5985,44,2,10,1,0,1,0,0,0,0,0,0,0,0,1,0
3,3,2579,34,8,8,14,1,0,0,0,0,0,0,0,1,0,1,0
1,3,3041,27,4,5,2,0,0,0,0,0,0,0,0,1,0,1,1
3,3,3447,21,3,3,22,0,0,0,0,0,0,0,0,1,0,1,0
4,4,19513,44,2,26,3,1,0,0,1,0,0,0,0,0,0,1,0
3,1,2773,22,2,3,6,0,0,0,0,0,0,1,0,0,0,1,0
3,3,7104,33,5,6,8,0,0,0,0,0,0,0,1,0,0,1,0
4,1,6322,32,6,6,9,1,0,0,0,0,0,1,0,0,0,1,0
3,3,2083,30,1,1,3,0,0,0,0,0,0,1,0,0,1,0,0
1,4,8381,53,14,18,1,0,0,0,0,0,0,0,1,0,0,1,0
4,2,2691,34,10,10,1,0,0,0,0,0,0,1,0,0,0,1,0
1,1,4286,45,1,5,26,0,0,0,0,0,0,0,1,0,1,0,1
4,3,2659,26,3,3,6,1,0,1,0,0,0,0,0,0,0,1,0
3,3,9434,37,10,10,3,0,0,0,0,1,0,0,0,0,0,1,0
3,2,5561,29,6,6,3,0,0,0,0,0,0,0,1,0,0,1,0
4,2,6646,35,17,17,6,0,0,0,0,0,0,1,0,0,0,1,0
4,3,7725,33,13,15,6,0,0,0,0,0,0,0,0,0,1,0,0
2,3,10725,54,9,16,19,0,1,0,0,0,0,0,0,0,0,1,0
2,2,8847,36,3,13,9,1,0,0,0,1,0,0,0,0,0,1,0
4,1,2045,27,4,5,3,0,0,0,0,0,0,1,0,0,0,1,0
3,4,1009,20,1,1,10,1,0,0,0,0,0,1,0,0,0,1,1
1,1,3348,33,10,10,3,1,0,0,0,0,0,1,0,0,1,0,1
3,3,1281,35,1,1,3,0,0,1,0,0,0,0,0,0,0,0,0
1,1,2819,23,3,5,4,0,0,0,0,0,0,1,0,0,0,1,0
2,4,4851,25,3,4,8,0,0,0,0,0,0,0,1,0,0,1,0
4,4,4028,38,7,8,7,0,0,0,0,0,0,0,1,0,0,1,0
4,2,2720,29,10,10,1,0,0,0,0,0,0,1,0,0,1,0,0
2,2,8120,48,2,12,2,0,0,0,0,0,0,0,1,0,0,1,0
4,4,4647,27,6,6,3,1,0,0,0,0,0,0,1,0,1,0,0
4,4,4680,37,1,4,10,0,0,0,0,0,0,1,0,0,0,1,0
3,4,3221,50,20,20,28,1,0,1,0,0,0,0,0,0,0,1,0
2,4,8621,34,8,9,9,0,0,0,0,0,0,0,0,0,0,1,0
3,1,4577,24,2,4,3,0,0,0,0,0,0,0,1,0,0,1,1
3,4,4553,39,20,20,2,0,0,0,0,0,0,0,0,0,0,1,0
4,4,5396,32,10,10,10,0,0,0,0,0,0,0,1,0,0,1,0
3,2,6796,50,4,18,8,1,0,0,0,0,0,0,1,0,1,0,1
4,2,7625,38,9,10,1,0,0,0,0,0,0,0,0,0,0,1,0
1,3,7412,27,9,9,1,0,0,0,0,1,0,0,0,0,0,1,0
4,3,11159,32,7,10,3,0,0,0,0,0,1,0,0,0,0,1,0
1,4,4960,47,7,20,14,0,0,0,0,0,0,0,1,0,0,1,0
1,4,10475,40,18,20,5,1,0,0,0,0,0,0,1,0,1,0,0
3,3,14814,53,5,32,7,0,0,0,0,0,1,0,0,0,0,1,0
4,2,19141,41,21,23,10,0,0,0,1,0,0,0,0,0,0,1,0
1,1,5405,60,2,10,16,0,0,0,0,0,0,0,1,0,0,1,0
1,4,8793,27,9,9,10,0,0,0,0,1,0,0,0,0,1,0,0
3,4,19189,41,22,22,1,0,0,0,1,0,0,0,0,0,0,1,0
2,4,3875,50,2,4,8,0,0,0,0,0,0,0,0,1,0,1,0
2,1,2216,28,7,10,1,1,0,0,0,0,0,1,0,0,0,1,1
1,1,11713,36,8,10,8,0,0,0,0,0,1,0,0,0,0,0,0
3,3,7861,38,1,10,1,1,0,0,0,1,0,0,0,0,0,1,0
3,1,3708,44,5,9,24,0,0,1,0,0,0,0,0,0,0,0,0
3,4,13770,47,22,28,3,1,0,0,0,0,0,0,1,0,1,0,0
4,3,5304,30,8,10,27,0,0,0,0,0,0,0,1,0,0,1,0
3,3,2642,29,1,1,10,0,0,0,0,0,0,0,0,1,0,1,0
3,3,2759,42,2,7,19,1,0,0,0,0,0,1,0,0,1,0,1
4,4,6804,43,2,7,15,0,0,0,0,0,0,0,1,0,1,0,0
3,2,6142,34,5,10,8,0,0,0,0,0,0,0,0,0,0,1,0
1,2,2500,23,4,5,9,0,0,1,0,0,0,0,0,0,0,1,0
2,3,6389,39,8,12,3,0,1,0,0,0,0,0,0,0,0,1,0
4,3,11103,56,10,30,9,0,0,0,0,0,0,0,0,0,0,1,0
4,4,2342,40,4,5,2,1,0,0,0,0,0,1,0,0,0,1,0
1,4,6811,27,7,9,7,0,0,0,0,0,0,0,0,0,0,1,0
2,4,2297,29,2,2,10,0,0,0,0,0,0,0,0,1,0,1,0
4,4,2450,53,2,19,6,0,0,1,0,0,0,0,0,0,0,1,0
1,4,5093,35,1,16,2,0,0,0,0,0,0,0,0,0,0,0,0
4,1,5309,32,10,10,24,0,0,1,0,0,0,0,0,0,1,0,0
3,4,3057,38,1,6,2,1,0,0,0,0,0,1,0,0,0,1,0
1,2,5121,34,0,7,8,0,0,0,0,1,0,0,0,0,0,1,0
1,3,16856,52,34,34,3,0,0,0,1,0,0,0,0,0,0,1,0
4,4,2686,33,10,10,1,1,0,0,0,0,0,1,0,0,0,1,1
4,3,6180,25,6,6,26,0,0,0,0,0,0,0,1,0,0,1,0
3,2,6632,45,8,9,2,0,0,0,0,0,0,0,0,1,0,1,0
3,1,3505,23,2,2,10,0,0,0,0,0,0,1,0,0,0,1,0
3,2,6397,47,5,8,27,1,0,0,0,0,0,0,1,0,1,0,1
4,4,6274,34,6,6,2,0,0,0,0,0,0,0,1,0,0,1,0
1,4,19859,55,5,24,2,1,0,0,1,0,0,0,0,0,0,1,1
1,1,7587,36,10,10,8,0,0,0,0,0,0,0,1,0,0,0,0
4,4,4258,52,4,5,19,0,0,0,0,0,0,1,0,0,0,0,0
4,1,4364,26,2,5,1,0,0,1,0,0,0,0,0,0,1,0,0
3,2,4335,29,8,11,27,0,0,0,0,0,0,0,0,0,0,1,0
1,4,5326,26,4,6,8,0,0,0,0,0,0,0,1,0,0,1,1
4,2,3280,34,4,10,1,0,0,0,0,0,0,1,0,0,0,1,0
1,4,5485,54,5,9,19,1,0,0,0,1,0,0,0,0,0,1,0
4,3,4342,27,4,5,8,0,0,0,0,0,0,0,1,0,1,0,0
1,4,2782,37,5,6,10,1,0,0,0,0,0,1,0,0,0,1,0
1,1,5980,38,15,17,2,1,0,0,0,1,0,0,0,0,1,0,0
1,3,4381,34,6,6,2,0,0,0,0,0,0,1,0,0,0,1,0
4,1,2572,35,3,3,8,0,0,0,0,0,0,0,0,1,0,1,0
3,4,3833,30,2,7,1,0,0,1,0,0,0,0,0,0,0,1,0
2,3,4244,40,8,8,2,0,0,0,0,0,0,0,0,0,1,0,0
1,3,6500,34,3,6,8,0,0,0,0,0,0,0,1,0,0,1,0
4,2,18430,42,24,24,8,0,0,0,1,0,0,0,0,0,1,0,0
1,3,1601,23,0,1,6,1,0,1,0,0,0,0,0,0,0,1,1
2,3,2694,24,1,1,9,0,0,1,0,0,0,0,0,0,0,0,0
3,4,3149,52,5,9,11,0,0,1,0,0,0,0,0,0,0,1,0
3,3,17639,50,4,30,2,0,0,0,0,0,1,0,0,0,0,1,0
1,2,2319,29,1,1,1,1,0,1,0,0,0,0,0,0,0,1,1
3,3,11691,33,13,14,7,0,0,0,0,0,1,0,0,0,0,1,0
1,1,5324,33,3,6,16,0,0,0,0,0,0,0,1,0,0,1,1
4,3,16752,47,26,26,2,1,0,0,1,0,0,0,0,0,0,1,0
2,3,5228,36,9,10,1,0,0,0,0,1,0,0,0,0,0,1,0
3,3,2700,29,10,10,23,0,0,0,0,0,0,1,0,0,0,1,0
2,4,19246,58,31,40,2,1,0,0,0,0,1,0,0,0,0,1,1
3,4,2506,35,2,7,1,0,0,0,0,0,0,1,0,0,0,1,0
4,4,6062,42,4,8,1,1,0,0,0,1,0,0,0,0,0,1,0
3,3,4382,28,2,5,2,0,0,0,0,0,0,1,0,0,0,1,1
2,3,2143,36,5,8,13,0,1,0,0,0,0,0,0,0,0,1,0
3,3,6162,32,14,14,4,0,0,0,0,1,0,0,0,0,0,1,0
3,1,5094,40,1,10,16,0,0,1,0,0,0,0,0,0,1,0,0
4,3,6877,30,0,12,2,1,0,0,0,1,0,0,0,0,0,1,0
3,2,2274,45,1,1,2,0,0,0,0,0,0,1,0,0,0,1,0
2,2,4434,42,9,10,29,0,0,0,0,1,0,0,0,0,0,1,0
1,1,6288,38,4,13,12,0,0,0,0,0,0,0,0,0,1,0,0
4,3,2553,34,5,6,16,0,0,0,0,0,0,1,0,0,1,0,0
4,3,7654,49,9,9,11,0,0,0,0,0,0,0,1,0,0,1,1
4,3,5160,55,9,12,2,0,0,0,0,0,0,0,1,0,0,1,1
1,2,17159,43,4,22,14,0,0,0,0,0,1,0,0,0,0,1,0
4,3,12808,27,9,9,5,1,0,0,0,0,1,0,0,0,0,1,0
3,3,10221,35,8,17,7,0,0,0,0,1,0,0,0,0,0,1,0
2,2,4779,28,8,8,2,1,0,0,0,0,0,0,1,0,0,1,0
4,3,3737,34,3,4,3,0,1,0,0,0,0,0,0,0,0,1,0
3,3,2366,26,8,8,5,1,0,0,0,0,0,1,0,0,1,0,1
4,4,1706,27,0,0,3,0,0,0,0,0,0,1,0,0,0,0,0
3,1,16307,51,20,29,26,0,0,0,1,0,0,0,0,0,0,1,0
2,4,5933,44,5,10,4,0,0,0,0,0,0,0,0,0,0,1,0
1,1,3424,25,4,6,2,0,0,0,0,0,0,1,0,0,0,1,0
1,1,4037,33,9,9,1,0,0,0,0,0,0,0,1,0,0,1,0
1,3,2559,35,6,6,27,0,0,0,0,0,0,1,0,0,0,1,0
4,2,6201,36,18,18,1,1,0,0,0,0,0,0,1,0,0,1,0
4,2,4403,32,5,8,13,0,0,0,0,0,0,0,1,0,0,1,0
4,2,3761,30,5,10,5,0,0,0,0,0,0,1,0,0,1,0,0
4,1,10934,53,5,35,7,1,0,0,0,0,0,0,1,0,0,1,0
1,4,10761,45,5,18,9,1,0,0,0,0,0,0,1,0,0,1,0
3,3,5175,32,5,9,8,0,0,0,0,0,0,1,0,0,0,1,0
4,3,13826,52,9,31,25,0,0,0,0,1,0,0,0,0,1,0,0
3,4,6334,37,1,9,16,0,0,0,0,0,0,0,1,0,0,1,0
4,2,4936,28,5,6,8,0,1,0,0,0,0,0,0,0,0,1,0
4,4,4775,22,2,4,1,0,0,0,0,1,0,0,0,0,0,1,0
4,1,2818,44,3,10,8,1,0,1,0,0,0,0,0,0,0,1,0
4,2,2515,42,2,8,2,1,0,0,0,0,0,1,0,0,1,0,0
1,1,2342,36,5,6,8,0,1,0,0,0,0,0,0,0,0,1,0
1,3,4194,25,5,5,3,1,0,0,0,0,0,0,1,0,0,1,0
3,4,10685,35,17,17,9,1,0,0,0,1,0,0,0,0,0,1,0
2,4,2022,35,10,10,25,1,0,0,0,0,0,1,0,0,1,0,1
4,4,2314,32,3,4,1,0,0,1,0,0,0,0,0,0,0,0,0
1,3,4256,25,5,5,4,0,0,0,0,0,0,0,1,0,0,1,0
1,3,3580,49,4,7,1,0,0,0,0,0,0,1,0,0,0,1,0
4,1,3162,24,5,6,4,0,0,1,0,0,0,0,0,0,0,0,0
2,2,6524,32,10,10,5,0,0,0,0,0,0,0,1,0,1,0,0
2,2,2899,38,2,3,9,0,0,0,0,0,0,0,0,1,0,1,0
4,3,5231,42,5,17,3,1,0,1,0,0,0,0,0,0,0,1,0
4,4,2356,31,6,8,11,1,0,0,0,0,0,1,0,0,0,1,0
3,2,2800,29,3,5,1,1,0,0,0,0,0,0,0,1,0,1,1
4,1,11836,53,2,28,8,0,0,0,0,0,0,0,1,0,0,1,0
2,4,10903,35,13,16,25,0,0,0,0,1,0,0,0,0,0,1,0
4,3,2973,37,5,10,21,0,0,0,0,0,0,0,0,1,1,0,0
4,4,14275,53,12,33,23,0,0,0,0,0,1,0,0,0,0,1,0
4,4,5562,43,5,12,1,0,0,0,0,0,0,0,0,0,1,0,0
4,3,4537,47,7,8,2,1,0,0,0,0,0,0,1,0,0,1,0
2,1,7642,37,10,10,19,1,0,0,0,0,0,0,1,0,0,0,0
1,1,17924,50,31,31,2,0,0,0,1,0,0,0,0,0,0,0,0
4,4,5204,39,5,13,2,0,1,0,0,0,0,0,0,0,0,1,0
2,4,2277,33,4,7,3,1,1,0,0,0,0,0,0,0,0,1,0
4,1,2795,32,1,1,25,1,0,1,0,0,0,0,0,0,0,1,1
4,1,2532,29,4,8,7,0,0,1,0,0,0,0,0,0,0,1,0
1,2,2559,44,8,8,9,1,0,0,0,0,0,1,0,0,0,1,0
4,1,4908,28,4,4,5,0,0,0,0,0,0,0,1,0,0,1,0
4,4,2380,58,1,3,2,1,0,1,0,0,0,0,0,0,1,0,1
2,1,4765,43,1,4,8,0,0,0,0,1,0,0,0,0,0,1,0
3,3,2044,20,2,2,2,0,0,0,0,0,0,0,0,1,0,1,1
4,4,2693,21,1,1,18,0,0,0,0,0,0,1,0,0,0,1,1
4,3,6586,36,16,17,14,1,0,0,0,0,0,0,0,0,0,1,0
4,4,3294,47,3,3,2,1,0,0,0,0,0,0,0,1,0,1,0
3,2,4171,22,3,4,3,1,0,0,0,1,0,0,0,0,0,1,1
4,2,2778,41,7,10,2,1,0,1,0,0,0,0,0,0,0,1,1
3,3,2377,28,2,6,9,0,0,0,0,0,0,1,0,0,0,1,0
1,4,2404,39,2,8,6,1,0,1,0,0,0,0,0,0,0,1,1
3,2,2318,27,1,1,4,0,0,0,0,0,0,1,0,0,0,1,0
2,2,2008,34,1,1,10,0,0,1,0,0,0,0,0,0,0,1,0
3,3,6244,42,5,10,14,0,0,0,0,0,0,0,1,0,0,1,0
1,3,2799,33,3,6,1,1,0,0,0,0,0,1,0,0,0,1,0
2,3,10552,58,6,24,5,1,0,0,0,0,0,0,0,0,0,1,0
3,2,2329,31,7,13,7,0,0,0,0,0,0,0,0,1,0,1,0
4,4,4014,35,10,10,21,1,0,0,0,0,0,0,0,0,0,1,0
2,1,7403,49,26,29,8,0,0,1,0,0,0,0,0,0,0,1,0
3,4,2259,48,0,13,20,0,0,0,0,0,0,1,0,0,0,1,0
3,4,6932,31,9,9,20,0,0,0,0,0,0,0,1,0,0,0,0
4,2,4678,36,6,8,7,0,0,0,0,0,0,1,0,0,0,1,0
1,4,13582,38,15,15,1,0,0,0,0,0,1,0,0,0,0,1,0
2,3,2332,32,3,5,1,0,0,1,0,0,0,0,0,0,0,0,0
2,3,2413,25,1,1,19,1,0,0,0,0,0,0,0,1,0,1,1
2,1,9705,40,1,11,10,0,0,0,0,0,0,0,1,0,0,1,0
1,3,4294,26,7,7,1,0,0,0,0,0,0,0,1,0,1,0,0
1,4,4721,41,18,20,6,1,0,1,0,0,0,0,0,0,0,1,0
3,3,2519,36,11,16,2,0,0,1,0,0,0,0,0,0,0,1,0
2,4,2121,19,1,1,21,1,0,0,0,0,0,0,0,1,0,1,1
1,1,2973,20,1,1,4,0,0,1,0,0,0,0,0,0,0,1,1
4,4,5855,31,9,10,12,1,0,0,0,0,0,0,0,0,0,1,0
2,4,3617,40,1,3,9,1,0,0,0,0,0,1,0,0,1,0,0
1,3,6725,32,8,8,3,0,0,0,0,1,0,0,0,0,0,1,0
4,3,10325,36,16,16,3,1,0,0,0,0,0,0,1,0,0,1,1
4,2,6949,33,5,6,1,0,0,0,0,0,0,0,0,0,0,1,0
3,1,10609,37,14,17,1,0,0,0,0,0,0,0,1,0,0,1,1
2,3,4447,45,9,9,4,0,0,1,0,0,0,0,0,0,0,0,0
4,3,2157,29,3,3,20,0,0,0,0,0,0,0,0,1,1,0,0
3,3,4601,35,5,5,18,0,0,0,0,0,0,0,1,0,0,1,0
4,4,17099,52,9,26,1,0,0,0,1,0,0,0,0,0,0,1,0
3,4,2479,58,1,7,2,0,0,0,0,0,0,1,0,0,0,1,1
3,3,14852,53,17,22,2,0,0,0,1,0,0,0,0,0,0,1,0
3,3,7264,30,8,10,8,0,0,0,0,0,0,0,1,0,0,1,0
4,3,5666,38,5,6,10,1,0,0,0,0,0,0,1,0,0,0,0
4,4,7823,35,10,12,3,0,0,0,0,0,0,0,1,0,0,1,0
3,1,7880,39,8,9,2,0,0,0,0,0,0,0,1,0,0,1,0
2,2,13194,40,1,22,24,1,0,0,0,0,0,0,1,0,0,0,1
3,3,5067,47,19,20,16,1,0,0,0,1,0,0,0,0,1,0,0
4,1,5079,36,7,12,8,0,0,0,0,0,0,0,1,0,0,0,0
1,3,2321,31,3,4,9,1,0,0,0,0,0,1,0,0,0,0,1
3,4,17444,33,10,10,17,0,0,0,1,0,0,0,0,0,0,0,0
1,4,2404,29,0,3,10,1,0,0,0,0,0,1,0,0,0,1,1
4,2,3452,33,3,5,13,0,0,0,0,0,0,1,0,0,0,1,0
4,4,2270,45,5,8,1,0,0,1,0,0,0,0,0,0,0,1,0
4,4,17399,50,5,32,1,0,0,0,0,0,1,0,0,0,0,1,0
2,3,5488,33,6,6,1,1,0,0,0,0,0,0,0,0,1,0,0
3,1,19419,41,18,21,9,0,0,0,0,0,1,0,0,0,1,0,0
2,3,2811,27,2,4,16,0,0,1,0,0,0,0,0,0,0,1,0
1,4,3633,45,9,9,23,1,0,1,0,0,0,0,0,0,0,0,0
4,4,4163,47,9,9,4,1,0,0,0,0,0,0,1,0,0,1,0
3,1,2132,30,5,7,22,1,0,0,0,0,0,1,0,0,0,1,1
3,4,13973,50,12,22,24,1,0,0,0,1,0,0,0,0,0,1,0
3,3,2684,38,2,3,10,0,0,0,0,0,0,1,0,0,1,0,0
3,4,10845,46,8,13,7,0,0,0,0,1,0,0,0,0,0,1,0
3,4,4377,24,4,5,17,0,0,0,0,1,0,0,0,0,0,1,0
2,3,3743,35,4,5,14,1,0,1,0,0,0,0,0,0,0,1,1
1,3,4148,31,4,4,1,0,0,0,0,1,0,0,0,0,1,0,0
4,2,1051,18,0,0,5,0,0,0,0,0,0,1,0,0,0,0,0
3,3,10739,54,10,22,17,0,0,0,0,1,0,0,0,0,0,1,0
3,3,10388,35,16,16,25,1,0,0,0,0,0,0,0,0,0,1,0
1,2,11416,30,8,9,8,1,0,0,0,0,1,0,0,0,0,1,0
1,4,2600,20,1,1,11,1,0,0,0,0,0,1,0,0,0,1,1
2,2,2422,30,3,4,5,0,0,1,0,0,0,0,0,0,1,0,1
4,4,5472,26,8,8,2,0,0,0,0,1,0,0,0,0,0,1,0
1,2,2451,22,4,4,8,0,0,1,0,0,0,0,0,0,0,1,0
3,1,4240,48,2,19,6,0,0,0,0,0,0,0,0,0,0,1,0
3,3,10999,48,15,27,4,0,0,0,0,0,0,0,0,0,0,1,0
3,4,5003,41,2,8,7,0,0,0,0,1,0,0,0,0,0,1,0
4,4,12742,39,21,21,1,0,0,0,0,1,0,0,0,0,0,1,0
4,1,4227,27,3,4,2,0,0,0,0,1,0,0,0,0,0,1,0
4,2,3917,35,3,3,10,0,0,1,0,0,0,0,0,0,0,1,0
3,4,18303,42,1,21,5,0,0,0,1,0,0,0,0,0,0,1,0
4,1,2380,50,1,8,9,0,0,1,0,0,0,0,0,0,0,1,0
4,3,13726,59,5,30,2,1,0,0,0,1,0,0,0,0,0,1,0
2,1,4777,37,1,15,11,0,0,0,0,0,0,0,0,0,0,1,1
2,3,6385,55,8,17,18,1,0,0,0,0,0,0,0,0,1,0,0
3,2,19973,41,21,21,7,0,0,0,0,0,1,0,0,0,0,0,0
4,2,6861,38,1,19,3,1,0,0,0,0,0,0,1,0,0,1,0
1,2,4969,26,2,7,29,0,0,0,0,0,0,0,1,0,0,0,1
4,1,19845,52,32,33,2,0,0,0,1,0,0,0,0,0,0,1,1
4,4,13320,44,12,23,28,1,0,0,0,0,0,0,1,0,0,1,0
3,4,6347,50,18,19,1,0,0,0,0,0,0,0,1,0,0,0,0
1,3,2743,36,17,18,16,0,0,1,0,0,0,0,0,0,0,1,1
1,4,10880,39,21,21,22,1,0,0,0,1,0,0,0,0,1,0,0
4,2,2342,33,2,3,8,0,0,0,0,0,0,0,0,1,0,0,0
4,4,17650,45,9,26,11,0,0,0,1,0,0,0,0,0,0,1,0
3,4,4025,32,8,10,29,0,0,1,0,0,0,0,0,0,0,0,0
4,2,9725,34,15,16,1,0,0,0,0,0,0,0,1,0,0,1,0
4,2,11904,59,6,14,1,1,0,0,1,0,0,0,0,0,0,1,0
2,2,2177,45,6,6,24,0,1,0,0,0,0,0,0,0,0,1,0
2,3,7525,53,15,30,2,0,0,0,0,0,0,0,1,0,1,0,0
3,1,4834,36,1,9,15,0,0,1,0,0,0,0,0,0,0,1,1
1,1,2042,26,3,6,2,1,0,0,0,0,0,1,0,0,1,0,1
3,3,2220,34,1,1,10,1,0,0,0,0,0,0,0,1,0,1,0
2,4,1052,28,1,1,10,0,0,0,0,0,0,0,0,1,0,1,0
3,3,2821,38,2,8,3,0,0,0,0,0,0,1,0,0,1,0,0
3,2,19237,50,8,29,2,1,0,0,0,0,1,0,0,0,0,1,0
2,4,4107,37,4,8,3,0,0,0,0,0,0,0,0,0,0,1,0
1,3,8396,40,7,8,26,0,0,0,0,0,0,0,1,0,0,1,0
3,1,2007,26,5,5,1,0,0,0,0,0,0,1,0,0,1,0,0
4,4,19627,46,2,23,1,0,0,0,0,0,1,0,0,0,0,1,0
3,3,10686,54,9,13,2,0,0,0,0,0,0,0,1,0,0,1,0
3,1,2942,56,5,18,9,0,0,0,0,0,0,1,0,0,1,0,0
4,4,8858,36,14,15,12,0,0,0,0,1,0,0,0,0,0,1,0
1,3,16756,55,9,31,2,0,0,0,1,0,0,0,0,0,0,0,0
4,3,10798,43,1,18,25,0,0,0,0,0,0,0,1,0,0,1,0
4,4,2323,20,2,2,9,1,0,0,0,0,0,0,0,1,1,0,1
1,3,1416,21,1,1,10,0,0,1,0,0,0,0,0,0,0,1,1
1,4,4615,46,16,19,8,1,0,0,0,0,0,1,0,0,0,1,0
3,1,2461,51,10,18,4,1,0,0,0,0,0,1,0,0,0,1,1
1,2,8722,28,10,10,24,0,0,0,0,0,0,0,0,0,0,0,1
1,1,3955,26,5,6,1,0,0,1,0,0,0,0,0,0,0,1,0
1,3,9957,30,6,7,20,0,0,0,0,1,0,0,0,0,0,1,0
3,2,3376,41,10,10,7,0,0,0,0,0,0,1,0,0,0,1,0
3,3,8823,38,19,20,17,0,0,0,0,0,0,0,0,0,0,1,0
4,1,10322,40,11,14,20,0,0,0,0,0,0,0,0,0,0,1,0
3,1,4621,27,3,3,8,0,0,1,0,0,0,0,0,0,0,0,0
2,4,10976,55,3,23,2,0,0,0,0,1,0,0,0,0,1,0,0
3,3,3660,28,8,10,10,0,0,0,0,0,0,1,0,0,0,1,0
1,2,10482,44,20,24,1,0,1,0,0,0,0,0,0,0,0,1,1
4,4,7119,33,3,9,5,0,0,0,0,0,0,0,0,0,0,1,0
1,4,9582,35,8,9,4,1,0,0,0,0,0,0,1,0,0,1,1
3,1,4508,33,13,14,29,0,0,0,0,0,0,1,0,0,1,0,1
3,1,2207,28,4,4,15,0,0,1,0,0,0,0,0,0,0,1,0
4,1,7756,34,6,7,3,0,0,0,0,0,0,0,0,0,1,0,0
4,4,6694,37,1,8,10,1,0,0,0,0,0,0,1,0,0,1,0
4,4,3691,25,7,7,4,1,0,1,0,0,0,0,0,0,0,1,1
3,1,2377,26,1,1,21,0,0,1,0,0,0,0,0,0,0,1,1
2,1,2313,33,2,5,25,1,0,0,0,0,0,1,0,0,0,1,1
1,4,17665,42,22,23,2,0,0,0,1,0,0,0,0,0,0,1,0
2,1,2596,28,1,1,1,0,0,1,0,0,0,0,0,0,1,0,1
3,4,4728,50,0,5,1,1,0,0,0,0,0,0,1,0,1,0,1
2,4,4302,33,3,4,7,0,0,0,0,0,0,0,1,0,1,0,0
4,3,2979,34,0,6,3,0,0,0,0,0,0,1,0,0,0,0,0
4,1,16885,48,5,27,1,0,0,0,1,0,0,0,0,0,0,0,0
3,2,5593,45,15,15,9,0,0,0,0,0,0,0,1,0,0,0,0
2,2,10445,52,8,18,7,0,0,0,0,0,0,0,0,0,0,1,0
3,3,8740,38,8,9,10,1,0,0,0,0,0,0,1,0,0,1,0
4,3,2514,29,7,11,28,0,0,0,0,0,0,1,0,0,0,1,0
2,4,7655,28,9,10,3,0,0,0,0,1,0,0,0,0,0,1,0
3,1,17465,46,12,23,3,0,0,0,1,0,0,0,0,0,0,1,0
2,4,7351,38,1,10,2,0,0,0,0,0,0,0,1,0,0,1,0
1,3,10820,43,8,18,27,0,0,0,0,1,0,0,0,0,1,0,0
4,1,12169,39,18,21,2,0,0,0,0,0,0,0,0,0,1,0,1
3,3,19626,40,20,21,14,0,0,0,0,0,1,0,0,0,0,1,0
2,4,2070,21,2,2,1,1,0,0,0,0,0,1,0,0,0,1,0
2,3,6782,39,5,9,9,0,0,1,0,0,0,0,0,0,0,0,0
4,1,7779,36,11,18,18,0,0,0,0,1,0,0,0,0,0,0,0
4,3,2791,31,2,3,20,0,0,0,0,0,0,0,0,1,1,0,0
2,1,3201,28,5,6,2,0,0,0,0,0,0,1,0,0,0,1,0
4,4,4968,35,5,5,11,0,0,0,0,0,0,0,1,0,1,0,0
2,4,13120,49,9,22,8,0,0,0,0,0,0,0,1,0,0,1,0
3,4,4033,34,3,5,2,0,0,0,0,1,0,0,0,0,1,0,0
2,4,3291,29,7,8,10,0,0,0,0,0,0,1,0,0,1,0,0
4,2,4272,42,1,16,29,0,0,1,0,0,0,0,0,0,0,1,0
4,2,5056,29,10,10,8,1,0,0,0,1,0,0,0,0,0,1,0
3,3,2844,38,7,7,1,0,1,0,0,0,0,0,0,0,0,1,0
3,3,2703,28,3,3,6,1,0,0,0,0,0,1,0,0,1,0,0
3,3,1904,18,0,0,8,0,0,1,0,0,0,0,0,0,0,0,1
1,1,8224,33,5,6,9,1,0,0,0,0,0,0,1,0,0,1,1
4,2,4766,41,1,6,12,1,0,1,0,0,0,0,0,0,0,1,0
3,3,2610,31,2,2,15,0,0,1,0,0,0,0,0,0,1,0,1
4,3,5731,37,6,9,25,0,0,0,0,0,0,0,0,0,0,1,0
3,4,2539,27,4,4,6,0,0,0,0,0,0,1,0,0,0,1,0
3,2,5714,34,6,6,9,0,0,0,0,0,0,0,1,0,0,1,0
3,3,4323,35,5,6,8,0,1,0,0,0,0,0,0,0,0,1,0
1,4,7336,29,11,11,23,0,0,0,0,0,0,0,1,0,0,1,1
3,2,13499,40,18,20,9,0,0,0,0,0,1,0,0,0,1,0,0
1,3,13758,42,21,22,12,1,0,0,0,0,0,0,1,0,1,0,1
1,2,5155,42,6,9,4,0,0,0,0,0,0,0,1,0,0,1,0
3,4,2258,35,8,10,1,0,0,1,0,0,0,0,0,0,0,1,0
2,4,3597,24,4,6,24,0,0,1,0,0,0,0,0,0,0,1,0
4,3,2515,28,1,1,12,1,0,1,0,0,0,0,0,0,0,1,1
4,1,4420,26,8,8,3,0,0,1,0,0,0,0,0,0,0,1,0
3,3,6578,30,10,10,10,0,0,0,0,0,0,0,1,0,0,1,0
4,3,4422,40,1,16,26,1,0,0,0,0,0,1,0,0,1,0,0
2,3,10274,35,7,15,2,0,0,0,0,1,0,0,0,0,0,1,0
1,4,5343,34,13,14,1,0,0,0,0,0,0,0,0,0,1,0,0
4,4,2376,35,2,2,4,0,0,1,0,0,0,0,0,0,1,0,0
3,1,5346,43,4,7,9,0,0,0,0,0,0,0,1,0,0,1,1
1,3,2827,32,1,1,2,0,0,0,0,0,0,0,0,1,0,0,0
1,4,19943,56,5,28,4,0,0,0,1,0,0,0,0,0,0,1,0
4,2,3131,29,10,10,6,0,0,1,0,0,0,0,0,0,0,1,0
1,3,2552,19,1,1,9,0,0,0,0,0,0,1,0,0,0,1,0
3,1,4477,45,3,7,7,1,0,0,0,0,0,1,0,0,0,1,0
4,4,6474,37,14,14,1,0,0,0,0,1,0,0,0,0,0,1,0
3,1,3033,20,2,2,3,0,0,1,0,0,0,0,0,0,0,1,0
3,3,2936,44,6,6,10,1,0,0,0,0,0,1,0,0,0,1,1
3,4,18606,53,7,26,7,0,0,0,1,0,0,0,0,0,0,1,0
4,2,2168,29,5,6,15,1,0,0,0,0,0,1,0,0,0,1,0
4,3,2853,22,0,1,3,1,0,0,0,0,0,1,0,0,1,0,1
1,3,17048,46,26,28,2,0,0,0,1,0,0,0,0,0,0,1,0
3,4,2290,44,0,6,17,0,0,0,0,0,0,1,0,0,0,0,0
3,2,3600,33,5,5,2,0,1,0,0,0,0,0,0,0,0,1,0
1,1,2107,41,1,5,5,0,0,0,0,0,0,1,0,0,0,0,1
1,3,4115,30,4,8,29,0,0,0,0,0,0,0,1,0,0,1,0
2,2,4327,40,0,5,2,0,0,0,0,0,0,0,1,0,1,0,0
1,4,17856,50,2,32,2,0,0,0,1,0,0,0,0,0,1,0,0
1,4,3196,28,6,6,19,0,0,1,0,0,0,0,0,0,0,1,0
2,4,19081,46,4,25,15,0,0,0,0,0,1,0,0,0,0,1,0
1,3,8966,35,7,15,17,1,0,0,0,0,0,0,1,0,0,1,0
2,4,2210,24,1,1,17,0,0,1,0,0,0,0,0,0,0,1,1
3,2,4539,33,10,10,25,0,0,0,0,0,0,0,1,0,1,0,0
3,3,2741,36,7,7,6,0,0,1,0,0,0,0,0,0,0,1,0
3,3,3491,30,10,10,7,0,0,1,0,0,0,0,0,0,0,1,0
4,4,4541,44,20,20,29,0,0,0,0,0,0,1,0,0,0,1,0
4,3,2678,20,2,2,21,0,0,0,0,0,0,0,0,1,0,1,0
4,4,7379,46,6,12,2,0,0,0,0,1,0,0,0,0,0,1,0
1,4,6272,42,4,10,2,0,1,0,0,0,0,0,0,0,0,0,0
4,2,5220,60,11,12,7,1,0,0,0,0,0,0,1,0,0,1,0
2,3,2743,32,2,2,13,0,0,1,0,0,0,0,0,0,1,0,0
3,4,4998,32,8,10,2,1,0,0,0,0,0,1,0,0,1,0,0
1,3,10252,36,7,17,1,1,0,0,0,1,0,0,0,0,0,1,0
4,1,2781,33,14,15,9,0,0,0,0,0,0,1,0,0,0,1,0
2,2,6852,40,5,7,10,0,0,0,0,0,0,0,1,0,0,1,0
4,3,4950,25,4,5,10,0,0,0,0,0,0,0,1,0,0,1,0
2,4,3579,30,11,12,1,1,0,0,0,0,0,1,0,0,0,1,0
1,1,13191,42,1,20,26,1,0,0,0,0,1,0,0,0,1,0,0
4,3,10377,35,13,16,8,1,0,0,0,0,0,0,1,0,0,0,0
1,1,2235,27,9,9,14,1,0,0,0,0,0,1,0,0,0,1,0
3,4,10502,54,5,33,1,0,0,0,0,1,0,0,0,0,1,0,0
4,1,2011,44,10,10,2,0,0,0,0,0,0,1,0,0,0,1,0
2,1,1859,19,1,1,10,1,0,0,0,0,0,1,0,0,0,0,1
4,1,3760,29,3,3,1,0,0,0,0,0,0,1,0,0,0,1,0
4,4,17779,54,10,36,3,0,0,0,0,0,1,0,0,0,0,1,0
1,3,6833,31,6,6,11,1,0,0,0,0,0,0,0,0,0,1,0
1,3,6812,31,10,10,24,0,0,0,0,0,0,0,0,0,0,1,0
4,3,5171,59,6,13,3,0,0,0,0,0,0,0,1,0,0,1,0
4,3,19740,43,8,25,3,0,0,0,0,0,1,0,0,0,0,1,0
3,1,18711,49,1,23,4,0,0,0,1,0,0,0,0,0,0,1,0
2,3,3692,36,11,12,3,0,0,0,0,0,0,1,0,0,1,0,0
2,4,2559,48,1,7,2,0,0,1,0,0,0,0,0,0,0,1,0
3,1,2517,27,5,5,4,0,0,0,0,0,0,1,0,0,0,1,0
4,3,6623,29,6,6,7,1,0,0,0,0,0,0,0,0,0,1,0
4,4,18265,48,1,25,1,0,0,0,0,0,1,0,0,0,0,1,0
4,4,16124,29,7,9,1,0,0,0,0,0,1,0,0,0,0,1,0
3,3,2585,34,1,2,20,0,0,0,0,0,0,1,0,0,0,1,0
2,2,18213,44,22,26,5,0,0,0,1,0,0,0,0,0,0,1,0
3,4,8380,33,9,10,10,1,0,0,0,0,0,0,1,0,0,1,0
4,2,2994,19,1,1,25,1,0,0,0,0,0,1,0,0,0,1,0
3,4,1223,23,1,1,1,0,0,0,0,0,0,1,0,0,0,1,0
4,3,1118,25,1,1,24,1,0,0,0,0,0,0,0,1,1,0,1
4,3,2875,26,8,8,4,1,0,0,0,0,0,1,0,0,0,1,0
2,1,18824,45,24,26,2,1,0,0,1,0,0,0,0,0,0,1,1
2,4,13577,55,33,34,8,1,0,0,0,0,0,0,0,0,0,0,0
3,1,2625,21,2,2,10,0,0,1,0,0,0,0,0,0,1,0,1
2,4,18789,46,11,26,4,0,0,0,1,0,0,0,0,0,0,1,0
1,3,4538,34,3,4,2,1,0,0,0,0,0,0,1,0,0,1,0
2,4,19847,51,29,31,9,1,0,0,1,0,0,0,0,0,1,0,0
4,4,10512,59,9,25,18,0,0,0,0,1,0,0,0,0,0,1,0
2,3,4444,34,11,15,19,0,0,1,0,0,0,0,0,0,1,0,0
3,4,2154,28,4,5,1,1,0,1,0,0,0,0,0,0,1,0,0
1,3,19190,44,25,26,4,0,0,0,1,0,0,0,0,0,0,1,0
2,3,4490,34,10,14,11,0,1,0,0,0,0,0,0,0,1,0,0
3,3,3506,35,3,4,6,1,0,0,0,0,0,1,0,0,0,1,0
2,2,2372,42,1,18,7,1,0,0,0,0,0,1,0,0,0,1,0
4,4,10231,43,21,23,4,0,0,0,0,0,0,0,1,0,0,1,0
2,3,5410,36,16,18,2,1,0,0,0,1,0,0,0,0,0,1,0
4,1,7978,44,10,10,15,0,0,0,0,0,0,0,0,0,0,1,1
4,4,3867,28,2,2,2,1,0,1,0,0,0,0,0,0,1,0,0
3,2,2838,51,7,8,6,0,0,1,0,0,0,0,0,0,1,0,0
3,3,4695,30,8,10,9,1,0,0,0,1,0,0,0,0,0,0,0
3,2,3339,29,7,10,7,1,0,1,0,0,0,0,0,0,0,1,1
1,4,2080,28,3,5,1,0,0,0,0,0,0,1,0,0,0,1,0
2,4,2096,25,2,2,1,0,0,0,0,0,0,1,0,0,0,1,0
4,3,6209,32,10,10,8,0,0,0,0,0,0,0,1,0,0,1,0
2,2,18061,45,0,22,25,0,0,0,1,0,0,0,0,0,1,0,0
2,3,17123,39,19,21,13,1,0,0,1,0,0,0,0,0,0,1,0
3,1,2372,58,2,2,23,0,0,0,0,0,0,1,0,0,0,1,0
3,4,4883,32,10,10,7,0,0,1,0,0,0,0,0,0,0,1,1
1,3,3904,39,5,6,23,0,0,0,0,0,0,1,0,0,0,1,1
4,1,4627,30,9,10,6,0,0,1,0,0,0,0,0,0,0,1,0
3,4,7094,36,7,10,10,0,0,0,0,0,0,0,0,0,0,1,0
1,4,3423,46,7,10,1,0,1,0,0,0,0,0,0,0,0,1,0
4,3,6674,28,9,10,1,0,0,1,0,0,0,0,0,0,0,0,0
1,4,16880,50,3,25,28,1,0,0,0,0,1,0,0,0,0,1,0
2,4,9094,40,5,9,25,1,0,0,0,0,0,0,1,0,0,1,1
2,2,8446,52,8,10,5,1,0,0,0,0,0,0,1,0,0,1,1
1,2,11916,30,9,9,17,1,0,0,1,0,0,0,0,0,0,1,0
3,1,4534,39,8,9,18,0,0,0,0,1,0,0,0,0,0,1,0
3,4,9852,31,10,10,2,1,0,0,0,0,0,0,1,0,0,0,0
2,3,6151,41,19,19,10,0,0,0,0,0,0,0,1,0,0,0,0
2,4,2302,31,3,3,1,1,0,0,0,0,0,0,0,1,1,0,1
1,1,2362,44,3,10,3,0,0,1,0,0,0,0,0,0,0,1,1
3,3,17861,42,20,21,2,1,0,0,1,0,0,0,0,0,0,0,0
3,4,19187,55,19,23,2,0,0,0,1,0,0,0,0,0,0,1,0
2,4,19717,56,7,36,8,0,0,0,1,0,0,0,0,0,0,1,0
3,3,3544,40,4,6,16,0,0,0,0,0,0,1,0,0,0,0,0
4,4,8500,34,9,10,9,0,0,0,0,0,0,0,0,0,0,1,0
4,3,4661,40,9,9,2,0,0,0,0,0,0,1,0,0,0,1,0
1,3,4103,41,9,10,1,0,0,0,0,0,0,0,1,0,1,0,0
3,3,4249,35,9,9,4,1,0,0,0,0,0,1,0,0,1,0,0
2,3,14026,51,33,33,5,1,0,0,1,0,0,0,0,0,0,1,0
1,2,6893,38,7,11,2,0,0,0,0,0,0,0,1,0,0,1,0
1,3,6125,34,10,10,15,0,0,0,0,0,0,0,1,0,0,1,0
4,4,3669,25,3,7,19,0,0,1,0,0,0,0,0,0,0,1,0
1,3,10008,58,10,31,7,1,0,0,0,1,0,0,0,0,0,1,1
2,2,2387,40,4,7,1,0,0,1,0,0,0,0,0,0,0,1,0
1,1,4639,36,15,17,7,0,0,0,0,0,0,0,1,0,1,0,0
4,4,7898,48,10,11,4,0,0,0,0,1,0,0,0,0,0,1,0
4,3,2534,27,1,5,11,0,0,0,0,0,0,0,0,1,0,1,0
2,4,13142,51,5,29,11,0,0,0,0,1,0,0,0,0,0,1,0
4,4,1611,18,0,0,1,0,0,1,0,0,0,0,0,0,0,0,0
4,4,5363,35,9,10,1,0,0,1,0,0,0,0,0,0,0,1,0
4,4,5071,27,6,8,2,0,0,0,0,0,0,0,1,0,1,0,0
3,1,13695,55,19,24,13,1,0,0,0,0,0,0,1,0,0,1,1
2,4,13402,56,19,33,23,1,0,0,0,1,0,0,0,0,0,1,0
3,1,2029,34,5,5,26,0,0,0,0,0,0,1,0,0,0,0,0
3,2,6377,40,12,15,2,0,0,0,0,0,0,0,0,0,0,1,0
3,2,5429,34,8,10,29,0,0,1,0,0,0,0,0,0,0,1,0
4,3,2785,31,1,3,2,0,0,0,0,0,0,0,0,1,1,0,1
3,4,4614,35,4,5,18,1,0,0,0,0,0,0,1,0,1,0,1
3,4,2610,38,4,4,7,0,0,0,0,0,0,1,0,0,1,0,0
4,3,6687,34,14,14,2,0,0,0,0,0,0,0,0,0,0,1,0
1,3,4724,28,5,5,26,0,0,0,0,0,0,0,1,0,0,1,0
3,4,6179,31,10,10,22,1,0,0,0,1,0,0,0,0,0,1,1
4,1,6120,39,5,8,21,1,0,0,0,0,0,0,1,0,0,1,0
2,2,10596,51,4,14,2,0,0,0,0,0,0,0,1,0,1,0,0
4,4,5467,41,6,12,22,1,0,0,0,0,0,1,0,0,1,0,0
3,3,2996,37,6,8,4,1,0,0,0,0,0,1,0,0,0,1,0
4,2,9998,33,5,8,5,0,0,0,0,0,0,0,1,0,1,0,0
2,3,4078,32,3,4,2,1,0,0,0,0,0,0,1,0,0,1,0
3,3,10920,39,6,13,25,0,0,0,0,0,0,0,0,0,0,0,0
3,1,6232,25,3,6,18,0,0,0,0,0,0,0,1,0,0,1,0
3,4,13247,52,5,24,28,1,0,0,0,1,0,0,0,0,1,0,0
3,1,4081,43,20,20,6,1,0,0,0,0,0,1,0,0,0,1,0
4,4,5769,27,6,6,10,1,0,0,0,0,0,0,1,0,0,1,0
3,4,2394,27,8,8,17,1,0,0,0,0,0,1,0,0,0,1,1
4,1,3904,26,4,5,2,0,0,0,0,0,0,1,0,0,0,1,0
1,3,16799,42,20,21,10,0,0,0,1,0,0,0,0,0,0,1,0
1,3,2950,52,5,12,8,0,0,1,0,0,0,0,0,0,0,1,0
3,1,3629,37,3,8,11,0,0,1,0,0,0,0,0,0,0,1,0
4,3,9362,35,2,10,18,0,0,0,0,1,0,0,0,0,1,0,0
4,1,3229,25,3,7,1,0,0,1,0,0,0,0,0,0,0,1,0
1,3,3578,26,7,8,7,0,0,1,0,0,0,0,0,0,0,1,0
1,2,7988,29,10,10,17,0,1,0,0,0,0,0,0,0,0,1,0
1,1,4284,49,4,20,28,0,0,1,0,0,0,0,0,0,1,0,1
4,3,7553,29,8,9,14,1,0,0,0,0,0,0,0,0,1,0,1
4,4,17328,54,20,29,1,0,0,0,0,0,1,0,0,0,0,1,0
1,4,19701,58,9,32,1,1,0,0,0,0,1,0,0,0,0,1,0
4,2,14732,55,7,31,1,0,0,0,0,0,1,0,0,0,0,1,0
2,1,9278,36,5,15,3,1,0,0,0,0,0,0,1,0,0,1,0
3,2,1359,31,1,1,1,0,0,0,0,0,0,0,0,1,1,0,1
1,4,4779,30,3,8,7,0,0,0,0,0,0,0,1,0,0,1,0
2,1,16422,31,3,9,8,0,0,0,0,0,1,0,0,0,0,1,0
1,4,2996,34,4,10,1,0,0,0,0,0,0,1,0,0,1,0,0
2,1,1261,31,1,1,8,0,0,0,0,0,0,1,0,0,0,1,1
1,2,2099,27,5,6,11,0,0,1,0,0,0,0,0,0,0,1,0
4,1,5810,36,10,10,4,0,0,1,0,0,0,0,0,0,0,1,0
1,3,5647,36,3,11,16,0,0,0,0,0,0,0,1,0,0,1,0
4,1,3420,47,6,17,1,0,0,0,0,0,0,1,0,0,0,1,0
1,1,4400,25,3,6,9,0,0,0,0,0,0,0,0,1,0,1,1
3,3,3500,37,6,7,5,0,0,1,0,0,0,0,0,0,0,0,0
1,1,2066,56,3,5,1,0,0,0,0,0,0,1,0,0,0,1,0
3,1,17169,47,20,26,2,0,0,0,0,0,1,0,0,0,0,1,0
3,4,4162,24,5,5,4,1,0,0,0,0,0,0,1,0,0,1,0
4,4,9204,32,4,7,7,0,0,0,0,0,0,0,1,0,0,1,0
2,4,3294,34,5,7,1,0,0,1,0,0,0,0,0,0,0,1,0
3,2,2127,41,4,7,5,1,0,0,0,0,0,1,0,0,0,1,0
3,3,3975,40,8,11,9,0,0,1,0,0,0,0,0,0,0,0,0
4,1,10793,31,13,13,8,0,0,0,0,0,0,0,1,0,0,1,0
4,1,10096,46,7,28,9,0,0,0,0,0,0,0,1,0,0,1,1
1,1,3646,39,1,11,2,1,0,1,0,0,0,0,0,0,0,0,1
2,3,7446,31,10,10,1,0,0,0,0,1,0,0,0,0,1,0,1
1,2,10851,45,7,24,20,1,0,0,0,0,0,0,0,0,0,1,0
2,4,2109,31,3,8,8,0,1,0,0,0,0,0,0,0,0,1,0
4,2,3722,31,2,7,2,1,0,1,0,0,0,0,0,0,1,0,1
4,2,9380,45,3,10,29,1,0,0,0,1,0,0,0,0,0,1,0
1,3,5486,48,2,15,7,0,0,0,0,0,0,0,1,0,0,1,0
3,1,2742,34,2,2,9,0,1,0,0,0,0,0,0,0,0,1,1
2,4,13757,40,9,16,8,0,0,0,0,0,1,0,0,0,0,0,0
1,4,8463,28,5,6,5,0,0,0,0,0,0,0,1,0,0,1,0
3,3,3162,44,5,7,5,0,0,1,0,0,0,0,0,0,0,0,0
2,4,16598,53,9,35,2,0,0,0,0,0,1,0,0,0,0,1,0
3,1,6651,49,3,20,5,0,0,0,0,0,0,0,0,0,0,1,0
3,3,2345,40,3,8,2,0,0,0,0,0,0,1,0,0,0,1,0
2,4,3420,44,5,6,20,0,0,0,0,0,0,1,0,0,0,1,0
1,4,4373,33,4,5,7,0,0,0,0,0,0,0,1,0,1,0,0
1,4,4759,34,13,15,3,0,0,0,0,0,0,0,1,0,0,1,0
3,4,5301,30,2,4,16,0,0,0,0,0,0,0,1,0,0,1,0
4,1,3673,42,12,12,9,0,0,1,0,0,0,0,0,0,1,0,0
3,1,4768,44,1,11,1,0,0,0,0,0,0,0,1,0,1,0,0
3,3,1274,30,1,1,7,0,0,0,0,0,0,1,0,0,0,0,0
3,2,4900,57,12,13,1,0,0,0,0,0,0,1,0,0,0,1,0
2,3,10466,49,8,29,7,0,0,0,0,0,0,0,0,0,0,1,0
1,2,17007,34,14,16,15,0,0,0,0,0,1,0,0,0,1,0,0
3,1,2909,28,3,5,1,0,0,0,0,0,0,0,0,1,1,0,1
2,1,5765,29,5,7,13,0,0,0,0,0,0,0,1,0,1,0,1
2,1,4599,34,15,16,24,1,0,0,0,0,0,0,1,0,0,1,1
3,4,2404,35,1,1,7,0,0,0,0,0,0,0,0,1,0,1,0
1,2,3172,24,0,4,9,1,0,1,0,0,0,0,0,0,1,0,1
2,4,2033,24,1,1,13,0,0,0,0,0,0,0,0,1,0,0,0
3,2,10209,44,2,16,2,1,0,0,0,1,0,0,0,0,1,0,0
3,3,8620,29,10,10,19,0,0,0,0,0,0,0,1,0,0,1,0
3,3,2064,30,5,6,1,0,1,0,0,0,0,0,0,0,0,1,0
3,4,4035,55,3,4,4,1,0,0,0,0,0,0,0,0,0,1,0
2,1,3838,33,5,8,4,0,0,1,0,0,0,0,0,0,0,1,0
3,3,4591,47,5,11,14,1,0,0,0,0,0,0,1,0,0,1,0
1,3,2561,28,0,8,2,0,0,1,0,0,0,0,0,0,1,0,1
3,1,1563,28,1,1,1,0,0,0,0,0,0,1,0,0,0,1,0
1,3,4898,28,4,5,7,0,0,0,0,0,0,0,1,0,1,0,0
1,3,4789,49,3,10,3,0,0,1,0,0,0,0,0,0,0,1,0
2,4,3180,29,3,4,2,0,0,1,0,0,0,0,0,0,1,0,0
2,3,6549,28,8,8,29,0,0,0,0,1,0,0,0,0,0,1,0
3,4,6388,33,0,14,8,1,0,0,0,0,0,0,0,0,0,1,0
4,3,11244,32,5,10,10,0,0,0,1,0,0,0,0,0,0,1,0
4,2,16032,54,14,26,11,0,0,0,1,0,0,0,0,0,1,0,0
1,1,2362,29,9,11,1,0,0,0,0,0,0,1,0,0,0,1,1
1,4,16328,44,20,24,28,0,0,0,0,0,1,0,0,0,0,1,0
2,2,8376,39,2,9,6,0,0,0,0,1,0,0,0,0,0,1,0
2,3,16606,46,13,23,3,0,0,0,1,0,0,0,0,0,0,1,0
2,4,8606,35,11,11,16,0,0,0,0,0,0,0,0,0,0,1,0
3,1,2272,23,4,5,20,0,0,1,0,0,0,0,0,0,0,1,0
1,4,2018,40,5,15,9,0,0,1,0,0,0,0,0,0,0,1,1
3,4,7083,34,10,10,1,1,0,0,0,0,0,0,1,0,0,1,0
3,4,4084,31,7,7,3,0,0,0,0,0,0,1,0,0,1,0,1
4,3,14411,50,32,32,22,1,0,0,0,0,1,0,0,0,1,0,0
3,2,2308,34,11,12,7,1,0,0,0,0,0,0,0,1,0,1,0
2,3,4841,42,1,4,2,0,0,1,0,0,0,0,0,0,0,1,0
4,1,4285,37,10,10,13,0,0,0,0,0,0,1,0,0,0,1,0
1,3,9715,29,7,9,8,0,0,0,0,0,0,0,0,0,0,1,0
2,4,4320,33,5,5,25,0,0,0,0,1,0,0,0,0,0,1,0
4,4,2132,45,5,8,28,0,0,0,0,0,0,1,0,0,0,1,0
4,4,10124,42,20,24,2,1,0,0,0,0,0,0,0,0,1,0,0
1,1,5473,40,8,9,9,0,0,0,0,0,0,0,1,0,0,1,0
3,2,5207,33,15,15,28,1,0,1,0,0,0,0,0,0,0,1,0
4,3,16437,40,21,21,6,1,0,0,1,0,0,0,0,0,0,1,0
1,3,2296,24,1,2,21,0,0,1,0,0,0,0,0,0,0,1,0
4,4,4069,40,2,8,8,1,0,0,0,0,0,0,0,0,0,0,0
2,1,7441,45,10,10,1,0,0,0,0,0,0,0,0,0,0,1,0
3,2,2430,35,5,6,28,0,0,0,0,0,0,0,0,1,0,1,0
2,4,5878,32,7,12,5,0,0,0,0,0,0,1,0,0,0,1,0
4,3,2644,36,3,7,2,1,0,0,0,0,0,0,0,1,0,1,0
3,3,6439,48,8,18,16,0,0,0,0,0,0,0,1,0,0,1,0
3,3,2451,29,1,5,9,0,0,0,0,0,0,1,0,0,0,1,0
1,1,6392,33,2,8,8,0,0,0,0,0,0,0,1,0,0,1,0
1,2,9714,30,10,10,1,0,0,0,0,0,0,0,1,0,0,1,1
3,3,6077,38,6,10,10,0,1,0,0,0,0,0,0,0,1,0,0
1,4,2450,35,3,3,1,0,0,1,0,0,0,0,0,0,0,1,0
2,3,9250,30,4,9,29,0,0,0,0,0,0,0,1,0,0,1,0
1,1,2074,35,1,1,2,1,0,1,0,0,0,0,0,0,0,1,1
4,3,10169,53,33,34,2,0,0,0,0,1,0,0,0,0,0,1,1
2,3,4855,38,5,7,2,0,0,0,0,1,0,0,0,0,0,1,1
1,4,4087,32,6,9,1,0,0,0,0,0,0,1,0,0,0,0,0
1,3,2367,48,8,10,15,0,0,0,0,0,0,1,0,0,0,1,0
4,1,2972,34,1,1,7,0,0,0,0,0,0,1,0,0,0,1,0
4,3,19586,55,36,36,26,0,0,0,1,0,0,0,0,0,0,1,0
4,2,5484,34,2,9,1,0,0,0,0,0,0,1,0,0,0,1,0
4,1,2061,26,1,1,3,0,0,0,0,0,0,1,0,0,0,1,0
2,3,9924,38,9,10,14,0,0,0,0,0,0,0,1,0,0,1,0
2,2,4198,38,3,8,16,0,0,0,0,0,0,0,1,0,0,1,0
3,2,6815,36,1,15,1,0,0,0,0,0,0,0,1,0,0,1,0
1,2,4723,29,10,10,3,1,0,1,0,0,0,0,0,0,0,1,0
3,1,6142,35,5,10,10,1,0,0,0,0,0,0,0,0,0,1,0
3,4,8237,39,7,11,6,0,0,0,0,0,0,0,1,0,0,1,0
4,1,8853,29,6,6,2,0,0,0,0,0,0,0,0,0,1,0,0
3,3,19331,50,1,27,9,1,0,0,1,0,0,0,0,0,0,1,0
3,4,2073,23,2,4,10,0,0,0,0,0,0,1,0,0,0,1,0
1,1,5562,36,3,9,6,1,0,1,0,0,0,0,0,0,1,0,0
4,4,19613,42,1,24,9,0,0,0,1,0,0,0,0,0,0,1,0
3,2,3407,35,10,10,28,0,0,1,0,0,0,0,0,0,0,1,0
3,4,5063,34,8,8,10,0,0,0,0,0,0,0,0,0,1,0,0
1,4,4639,40,5,5,14,0,0,0,0,0,0,0,1,0,0,1,0
2,4,4876,43,6,8,27,0,0,1,0,0,0,0,0,0,0,1,0
4,3,2690,35,1,1,7,0,0,1,0,0,0,0,0,0,0,1,0
1,4,17567,46,26,27,1,0,0,0,1,0,0,0,0,0,0,1,0
2,3,2408,28,1,1,24,1,0,1,0,0,0,0,0,0,0,1,1
3,2,2814,22,4,4,26,1,0,0,0,0,0,1,0,0,0,0,0
3,2,11245,50,30,32,20,1,0,0,0,0,0,0,0,0,1,0,0
4,2,3312,32,3,6,5,0,0,0,0,0,0,1,0,0,0,1,0
4,2,19049,44,22,23,7,1,0,0,0,0,1,0,0,0,0,1,0
2,2,2141,30,6,6,7,0,0,0,0,0,0,1,0,0,0,1,0
1,3,5769,45,10,10,5,1,0,1,0,0,0,0,0,0,0,1,0
1,1,4385,45,10,10,26,0,0,0,0,0,0,0,1,0,0,0,0
1,4,5332,31,5,10,2,0,0,0,0,0,0,0,1,0,1,0,0
3,3,4663,36,3,7,12,1,0,0,0,1,0,0,0,0,0,1,0
4,3,4724,34,9,9,10,0,0,0,0,1,0,0,0,0,1,0,0
1,3,3211,49,9,10,25,0,0,1,0,0,0,0,0,0,0,1,0
1,2,5377,39,7,10,10,0,0,0,0,1,0,0,0,0,0,1,0
1,4,4066,27,7,7,19,0,0,1,0,0,0,0,0,0,0,1,0
1,2,5208,35,16,16,18,0,0,0,0,0,0,1,0,0,0,1,0
1,2,4877,28,5,6,27,0,0,0,0,1,0,0,0,0,0,1,0
4,3,3117,21,2,3,5,0,0,0,0,0,0,1,0,0,0,1,0
4,2,1569,18,0,0,3,1,0,0,0,0,0,0,0,1,1,0,1
3,4,19658,47,5,27,26,0,0,0,1,0,0,0,0,0,0,1,0
3,3,3069,39,10,11,3,0,0,1,0,0,0,0,0,0,0,1,0
3,1,10435,40,18,18,15,0,0,0,0,1,0,0,0,0,0,1,0
3,3,4148,35,14,15,8,0,0,0,0,0,0,0,0,0,0,0,0
3,3,5768,37,4,9,19,0,0,0,0,1,0,0,0,0,0,1,0
3,1,5042,39,9,10,4,0,0,0,0,1,0,0,0,0,1,0,0
4,4,5770,45,10,10,2,0,0,0,0,1,0,0,0,0,0,1,0
3,4,7756,38,5,10,2,1,0,0,0,1,0,0,0,0,0,1,0
1,4,10306,35,13,15,10,0,0,0,0,0,0,0,1,0,0,1,1
2,2,3936,37,8,8,10,0,0,0,0,0,0,1,0,0,0,1,0
4,3,7945,40,4,18,16,1,0,0,0,1,0,0,0,0,0,1,0
4,1,5743,44,10,14,1,1,1,0,0,0,0,0,0,0,1,0,0
4,3,15202,48,2,23,4,0,0,0,1,0,0,0,0,0,1,0,0
4,1,5440,35,2,7,15,1,0,0,0,0,0,0,1,0,0,1,1
4,1,3760,24,6,6,2,1,0,0,0,0,0,1,0,0,1,0,0
3,2,3517,27,3,5,8,0,0,0,0,0,0,1,0,0,0,1,0
4,4,2580,27,4,6,2,0,0,0,0,0,0,1,0,0,1,0,0
1,1,2166,40,4,10,7,1,0,1,0,0,0,0,0,0,0,1,1
3,3,5869,29,5,8,10,0,0,0,0,0,0,0,1,0,0,1,0
1,2,8008,36,3,9,5,0,0,0,0,0,0,0,0,0,0,1,0
3,4,5206,25,7,7,2,0,0,0,0,1,0,0,0,0,1,0,0
2,4,5295,39,5,7,12,0,0,0,0,1,0,0,0,0,0,1,0
2,1,16413,49,4,27,22,0,0,0,0,0,1,0,0,0,0,1,0
1,4,13269,50,14,19,17,0,0,0,0,0,1,0,0,0,0,1,0
3,3,2783,20,2,2,2,0,0,0,0,0,0,0,0,1,0,1,0
2,4,5433,34,11,11,3,0,0,0,0,0,0,1,0,0,0,1,0
2,1,2013,36,4,15,7,0,0,1,0,0,0,0,0,0,0,1,0
3,3,13966,49,15,30,6,1,0,0,0,0,0,0,0,0,0,1,0
3,4,4374,36,3,4,1,0,0,0,0,1,0,0,0,0,0,0,0
1,4,6842,36,5,13,3,0,0,0,0,0,0,0,0,0,0,1,0
3,2,17426,54,10,36,22,0,0,0,1,0,0,0,0,0,0,1,0
3,3,17603,43,14,14,15,0,0,0,0,0,1,0,0,0,0,1,0
4,4,4581,35,11,13,12,1,0,0,0,0,0,0,1,0,1,0,1
4,4,4735,38,13,19,1,0,0,0,0,0,0,1,0,0,1,0,0
2,1,4187,29,10,10,5,1,0,0,0,0,0,0,1,0,0,1,0
4,4,5505,33,6,6,2,0,0,0,0,0,0,0,1,0,0,1,0
2,4,5470,32,9,10,2,0,0,0,0,0,0,1,0,0,0,1,0
4,1,5476,31,10,10,5,0,0,0,0,0,0,0,1,0,0,1,0
1,4,2587,49,2,17,16,1,0,1,0,0,0,0,0,0,0,1,0
2,4,2440,38,4,4,2,0,0,1,0,0,0,0,0,0,1,0,0
2,2,15972,47,3,29,2,0,0,0,1,0,0,0,0,0,0,1,0
3,3,15379,49,8,23,1,0,0,0,1,0,0,0,0,0,0,1,0
3,4,7082,41,2,21,23,1,0,0,0,0,0,0,1,0,0,1,0
1,4,2728,20,2,2,9,0,0,0,0,0,0,0,0,1,0,1,0
4,3,5368,33,6,7,16,1,0,0,0,0,0,0,1,0,0,0,0
3,1,5347,36,3,10,26,0,0,0,0,0,0,0,0,0,0,1,0
4,3,3195,44,2,8,1,1,1,0,0,0,0,0,0,0,0,1,0
3,4,3989,23,5,5,8,1,0,1,0,0,0,0,0,0,0,1,1
3,4,3306,38,0,7,4,0,0,1,0,0,0,0,0,0,0,1,0
4,2,7005,53,4,11,24,0,0,0,0,0,0,0,0,0,0,1,0
3,4,2655,48,9,19,7,1,0,0,0,0,0,0,0,1,1,0,1
2,4,1393,32,1,1,2,0,0,1,0,0,0,0,0,0,0,1,1
4,4,2570,26,7,7,7,0,0,1,0,0,0,0,0,0,0,0,0
2,1,3537,55,4,8,22,0,0,0,0,0,0,1,0,0,0,1,0
4,2,3986,34,15,15,5,0,0,1,0,0,0,0,0,0,0,1,0
4,3,10883,60,1,19,1,0,0,0,0,0,0,0,0,0,0,1,0
2,2,2028,33,14,14,21,0,0,1,0,0,0,0,0,0,0,1,0
4,3,9525,37,6,6,1,0,0,0,0,0,0,0,1,0,1,0,0
4,2,2929,34,10,10,19,0,0,0,0,0,0,1,0,0,0,1,0
4,3,2275,23,3,3,7,1,0,0,0,0,0,0,0,1,0,1,1
4,3,7879,44,8,9,2,1,0,0,0,0,0,0,0,0,0,1,0
4,1,4930,35,5,6,2,1,0,0,0,0,0,1,0,0,1,0,0
4,4,7847,43,10,10,2,1,0,0,0,0,0,0,1,0,0,1,0
3,3,4401,24,5,5,9,0,0,0,0,0,0,1,0,0,0,1,0
3,4,9241,41,10,10,6,0,0,0,0,0,0,0,1,0,0,1,0
3,4,2974,29,5,9,9,0,0,1,0,0,0,0,0,0,0,1,0
4,3,4502,36,13,17,2,0,0,0,0,0,0,0,0,1,0,1,0
3,3,10748,45,23,25,1,0,0,0,0,0,0,0,0,0,0,0,0
3,4,1555,24,1,1,22,0,1,0,0,0,0,0,0,0,0,1,1
3,3,12936,47,23,25,9,0,0,0,0,0,0,0,1,0,1,0,1
3,4,2305,26,3,3,17,0,0,1,0,0,0,0,0,0,0,1,0
2,4,16704,45,21,21,28,0,0,0,0,0,1,0,0,0,0,1,0
3,1,3433,32,5,10,10,0,0,0,0,0,0,1,0,0,1,0,0
3,2,3477,31,5,6,2,0,0,1,0,0,0,0,0,0,0,1,0
2,3,6430,41,3,10,4,0,1,0,0,0,0,0,0,0,0,0,0
1,2,6516,40,1,18,8,1,0,0,0,1,0,0,0,0,0,1,0
1,2,3907,24,6,6,29,0,0,1,0,0,0,0,0,0,0,1,0
2,3,5562,46,10,19,13,0,0,0,0,0,0,0,0,0,0,1,0
3,4,6883,35,7,17,27,0,0,0,0,1,0,0,0,0,0,1,0
4,2,2862,30,10,10,16,0,0,0,0,0,0,1,0,0,0,1,0
2,3,4978,47,1,4,2,0,0,0,0,0,0,0,1,0,0,0,0
4,3,10368,46,10,13,2,1,0,0,0,0,0,0,1,0,0,1,0
1,2,6134,36,2,16,13,1,0,0,0,0,0,0,1,0,0,1,1
2,1,6735,32,0,10,1,0,0,0,0,0,0,0,1,0,0,1,1
2,3,3295,23,3,3,4,0,0,1,0,0,0,0,0,0,0,1,0
4,4,5238,31,5,9,24,0,0,0,0,1,0,0,0,0,1,0,0
4,4,6472,39,9,9,1,1,0,1,0,0,0,0,0,0,0,0,0
3,4,9610,32,4,10,19,0,0,0,0,0,0,0,1,0,0,1,0
2,2,19833,40,21,21,7,0,0,0,1,0,0,0,0,0,0,1,0
3,3,9756,45,5,9,4,0,1,0,0,0,0,0,0,0,0,1,0
1,4,4968,30,9,10,2,0,0,0,0,0,0,1,0,0,1,0,0
4,1,2145,24,2,3,10,0,1,0,0,0,0,0,0,0,1,0,0
4,3,2180,30,4,6,8,0,1,0,0,0,0,0,0,0,1,0,1
3,1,8346,31,5,6,5,0,0,0,0,0,0,0,1,0,0,1,0
4,3,3445,27,6,6,8,0,0,0,0,0,0,1,0,0,0,1,0
2,2,2760,29,2,2,9,0,0,0,0,0,0,0,0,1,0,1,1
3,4,6294,29,3,10,1,1,0,0,0,0,0,0,0,0,1,0,0
1,3,7140,30,7,12,15,0,0,0,0,0,0,0,1,0,0,1,0
4,4,2932,34,5,6,2,1,0,0,0,0,0,1,0,0,0,1,0
2,4,5147,33,11,13,2,0,0,0,0,0,0,0,1,0,0,0,0
4,4,4507,49,5,8,11,0,0,0,0,0,0,0,1,0,0,1,0
1,1,8564,33,0,11,16,1,0,0,0,0,0,0,1,0,0,1,1
2,3,2468,38,6,9,2,0,0,1,0,0,0,0,0,0,1,0,0
3,1,8161,31,1,10,16,0,0,0,0,0,0,0,1,0,0,1,1
1,4,2109,29,1,1,4,0,0,0,0,0,0,1,0,0,0,1,0
3,3,5294,30,7,10,16,0,0,0,0,0,0,0,0,0,0,1,0
2,2,2718,32,7,12,5,0,0,0,0,0,0,1,0,0,0,0,0
4,2,5811,38,1,15,18,1,0,0,0,0,0,0,0,0,0,1,0
3,3,2437,43,1,6,17,1,0,0,0,0,0,1,0,0,1,0,1
2,2,2766,42,5,7,12,0,0,1,0,0,0,0,0,0,0,1,0
1,3,19038,55,1,34,2,0,0,0,0,0,1,0,0,0,0,1,0
2,4,3055,33,9,11,4,0,0,0,0,0,0,1,0,0,0,0,0
1,3,2289,41,5,5,9,0,0,1,0,0,0,0,0,0,0,1,0
3,4,4001,34,15,15,10,1,0,0,0,0,0,0,1,0,0,0,0
3,1,12965,53,3,27,1,1,0,0,0,1,0,0,0,0,0,0,0
4,2,3539,43,9,10,2,0,1,0,0,0,0,0,0,0,0,1,0
4,4,6029,34,2,6,3,0,0,0,0,0,0,0,1,0,0,1,0
2,2,2679,21,1,1,7,0,0,0,0,0,0,0,0,1,0,1,1
3,4,3702,38,5,5,6,0,0,1,0,0,0,0,0,0,0,1,0
1,3,2398,22,1,1,8,1,0,1,0,0,0,0,0,0,0,1,1
4,1,5468,31,12,13,29,0,0,0,0,0,0,0,1,0,0,1,0
3,1,13116,51,2,15,3,0,0,0,1,0,0,0,0,0,0,1,0
2,2,4189,37,5,5,9,0,0,0,0,0,0,0,1,0,0,1,0
4,3,19328,46,2,24,2,1,0,0,0,0,1,0,0,0,0,1,0
1,4,8321,36,12,15,10,1,0,0,0,0,0,0,0,0,0,1,0
2,3,2342,44,5,6,1,1,0,0,0,0,0,1,0,0,1,0,1
2,3,4071,37,10,19,8,0,1,0,0,0,0,0,0,0,0,1,0
4,3,5813,35,10,10,27,1,0,0,0,0,0,0,1,0,0,1,1
1,4,3143,33,10,14,8,0,0,0,0,0,0,1,0,0,0,1,0
4,3,2044,28,5,5,1,0,0,0,0,0,0,1,0,0,0,1,0
3,3,13464,39,4,9,10,0,0,0,0,0,1,0,0,0,0,1,0
2,2,7991,46,2,6,26,0,0,0,0,0,0,0,1,0,0,0,0
1,3,3377,40,4,7,2,0,0,1,0,0,0,0,0,0,0,1,0
1,2,5538,42,0,10,13,0,0,0,0,0,0,0,0,0,0,1,0
4,2,5762,35,7,15,2,0,0,0,0,1,0,0,0,0,0,0,0
2,1,2592,38,11,13,2,0,1,0,0,0,0,0,0,0,0,0,0
1,4,5346,34,7,11,9,0,0,1,0,0,0,0,0,0,1,0,1
1,4,4213,37,10,10,10,0,0,0,0,1,0,0,0,0,0,1,1
4,3,4127,39,2,7,20,0,0,0,0,0,0,0,1,0,1,0,0
3,1,2438,43,3,7,9,0,0,0,0,0,0,1,0,0,0,0,0
2,2,6870,41,3,11,5,0,0,0,0,0,0,0,0,0,0,1,0
3,3,10447,41,22,23,4,1,0,0,0,0,0,0,1,0,0,1,0
3,1,9667,30,7,9,10,0,0,0,0,1,0,0,0,0,0,1,0
2,4,2148,26,5,6,20,1,1,0,0,0,0,0,0,0,0,1,1
2,4,8926,46,9,13,21,0,0,0,0,0,0,0,0,0,0,1,1
4,3,6513,40,5,12,1,0,0,0,0,0,0,0,0,0,0,1,0
3,2,6799,34,10,10,8,0,0,0,0,0,0,0,1,0,0,1,0
2,2,16291,58,16,37,2,0,0,0,1,0,0,0,0,0,0,0,0
3,2,2705,35,5,6,23,0,0,1,0,0,0,0,0,0,0,1,0
2,3,10333,47,22,28,4,1,0,0,0,1,0,0,0,0,0,1,0
1,2,4448,40,7,15,12,0,0,0,0,0,0,0,0,0,0,1,0
4,4,6854,54,7,14,7,0,0,0,0,0,0,1,0,0,0,1,0
1,1,9637,31,3,9,7,0,0,0,0,0,0,0,1,0,1,0,0
1,3,3591,28,3,3,1,0,0,0,0,0,0,1,0,0,0,1,0
4,2,5405,38,4,20,2,1,0,0,0,0,0,0,0,1,0,1,0
4,3,4684,26,5,5,10,0,0,0,0,0,0,0,1,0,0,1,0
3,1,15787,58,2,23,15,1,0,0,0,0,1,0,0,0,1,0,0
3,2,1514,18,0,0,14,0,0,0,0,0,0,1,0,0,0,0,0
1,4,2956,31,1,2,18,0,1,0,0,0,0,0,0,0,0,1,1
1,1,2335,29,2,4,13,1,1,0,0,0,0,0,0,0,0,1,1
3,3,5154,45,8,10,2,0,0,0,0,0,0,0,1,0,0,0,0
2,4,6962,36,1,15,2,1,0,0,0,0,0,1,0,0,0,1,0
4,1,5675,43,7,7,2,0,0,0,0,0,0,0,1,0,1,0,0
4,4,2379,27,5,6,5,1,0,1,0,0,0,0,0,0,1,0,0
4,4,3812,29,11,11,20,0,0,1,0,0,0,0,0,0,1,0,0
4,4,4648,32,0,4,10,0,0,0,0,0,0,0,1,0,1,0,0
3,3,2936,42,6,10,10,0,0,0,0,0,0,1,0,0,0,0,0
3,2,2105,47,2,7,9,0,0,1,0,0,0,0,0,0,0,1,0
4,4,8578,46,9,12,2,0,0,0,0,1,0,0,0,0,0,1,0
4,3,2706,28,3,3,1,0,1,0,0,0,0,0,0,0,0,0,0
3,4,6384,29,7,11,29,0,0,0,0,0,0,0,0,0,0,1,0
3,4,3968,42,0,8,8,0,0,1,0,0,0,0,0,0,0,1,0
2,3,9907,32,2,7,2,1,0,0,0,0,0,0,1,0,0,1,1
1,1,13225,46,19,25,3,0,0,0,0,0,0,0,1,0,0,1,0
3,2,3540,27,9,9,23,0,0,0,0,0,0,0,0,1,0,1,0
2,4,2804,29,1,1,6,0,1,0,0,0,0,0,0,0,0,1,0
3,1,19392,43,16,21,6,0,0,0,1,0,0,0,0,0,0,1,0
2,4,19665,48,22,29,10,0,0,0,0,0,1,0,0,0,0,1,0
4,4,2439,29,1,1,24,1,0,0,0,0,0,1,0,0,1,0,1
2,3,7314,46,8,14,10,0,0,0,0,0,0,0,1,0,0,1,1
1,4,4774,27,7,8,15,0,0,0,0,0,0,1,0,0,1,0,0
4,4,3902,39,2,7,19,0,0,0,0,0,0,1,0,0,0,1,0
4,2,2662,55,5,19,2,0,0,0,0,0,0,1,0,0,0,1,0
2,2,2856,28,1,1,3,0,0,0,0,0,0,0,0,1,0,1,0
4,2,1081,30,1,1,9,0,0,0,0,0,0,0,0,1,0,1,1
2,4,2472,22,1,1,7,1,0,0,0,0,0,1,0,0,0,1,1
3,2,5673,36,10,10,10,1,0,0,0,0,0,0,1,0,0,1,0
3,2,4197,31,10,10,20,0,0,1,0,0,0,0,0,0,0,1,0
4,3,9713,34,5,9,4,1,0,0,0,0,0,0,1,0,0,1,0
1,4,2062,29,3,11,7,0,0,1,0,0,0,0,0,0,0,1,0
1,4,4284,37,5,16,7,1,0,0,0,0,0,1,0,0,0,1,0
2,4,4788,35,3,4,16,1,0,0,0,1,0,0,0,0,0,1,0
4,2,5906,45,9,10,25,0,0,0,0,1,0,0,0,0,0,1,0
4,2,3886,36,10,10,2,0,1,0,0,0,0,0,0,0,1,0,0
1,1,16823,40,19,22,1,0,0,0,1,0,0,0,0,0,0,1,0
3,2,2933,26,1,1,1,1,0,0,0,0,0,1,0,0,0,1,0
3,1,6500,27,8,9,2,0,0,0,0,0,0,0,1,0,0,1,0
4,4,17174,48,22,24,22,0,0,0,1,0,0,0,0,0,1,0,0
1,2,5033,44,2,10,1,0,0,0,0,0,0,0,0,0,0,1,0
1,4,2307,34,5,5,16,1,0,0,0,0,0,1,0,0,0,0,1
4,1,2587,56,4,5,24,0,0,1,0,0,0,0,0,0,0,1,1
2,3,5507,36,4,12,17,0,0,0,0,0,0,0,1,0,0,1,0
2,3,4393,41,5,14,8,0,0,0,0,0,0,0,1,0,0,1,0
1,3,13348,42,13,18,6,0,0,0,0,0,1,0,0,0,0,1,0
4,3,6583,31,5,8,10,1,0,0,0,0,0,0,1,0,0,1,0
4,4,8103,34,4,9,3,1,0,0,0,0,0,0,1,0,0,1,0
3,1,3978,31,2,4,4,0,0,1,0,0,0,0,0,0,0,1,0
4,3,2544,26,7,8,6,0,0,1,0,0,0,0,0,0,1,0,0
3,2,5399,45,4,12,1,0,0,0,0,0,0,0,0,0,1,0,0
3,2,5487,33,10,10,10,0,0,0,0,0,0,0,1,0,0,1,0
4,3,6834,28,7,7,1,1,0,0,0,0,0,0,1,0,1,0,0
1,3,1091,29,1,1,24,0,0,0,0,0,0,0,0,1,1,0,1
3,1,5736,39,3,10,21,0,0,0,0,0,0,0,1,0,0,0,0
2,2,2226,27,5,6,2,0,0,0,0,0,0,1,0,0,0,1,0
4,3,5747,34,15,16,22,1,0,0,0,0,0,1,0,0,1,0,0
3,4,9854,28,2,6,13,1,0,0,0,0,0,0,1,0,0,1,1
2,3,5467,47,8,16,14,0,0,0,0,0,0,1,0,0,0,0,0
1,4,5380,56,0,6,11,0,0,0,0,0,0,0,1,0,0,1,0
1,1,5151,39,10,10,9,0,0,0,0,1,0,0,0,0,0,1,0
2,4,2133,38,20,20,8,1,0,0,0,0,0,1,0,0,1,0,0
4,4,17875,58,1,29,21,1,0,0,1,0,0,0,0,0,0,1,0
3,1,2432,32,4,8,5,1,0,0,0,0,0,1,0,0,1,0,1
4,2,4771,38,5,10,9,0,0,0,0,0,0,1,0,0,0,1,0
4,2,19161,49,5,28,2,0,0,0,0,0,1,0,0,0,1,0,0
4,2,5087,42,0,14,12,1,0,0,0,0,0,0,1,0,0,1,0
2,1,2863,27,1,1,22,0,1,0,0,0,0,0,0,0,1,0,1
1,2,5561,35,5,6,18,0,0,0,0,0,0,0,1,0,0,1,0
3,3,2144,28,5,5,16,0,0,0,0,0,0,1,0,0,0,0,0
1,3,3065,31,4,4,3,1,0,0,0,0,0,1,0,0,0,0,0
2,1,2810,36,5,5,9,0,0,1,0,0,0,0,0,0,0,0,0
4,1,9888,34,14,14,1,0,0,0,0,0,0,0,1,0,0,1,0
3,4,8628,34,8,9,13,0,0,0,0,0,0,0,1,0,0,1,0
1,3,2867,26,7,8,1,0,0,1,0,0,0,0,0,0,0,1,0
1,1,5373,29,5,6,1,0,0,0,0,0,0,0,0,0,0,1,0
4,3,6667,32,5,9,15,0,0,0,0,0,0,0,0,0,0,0,0
1,4,5003,31,10,10,1,0,0,0,0,0,0,1,0,0,1,0,0
4,3,2367,28,4,6,17,0,0,1,0,0,0,0,0,0,0,1,1
1,1,2858,38,1,20,1,0,0,0,0,0,0,0,0,1,0,1,0
4,3,5204,35,10,10,7,1,0,0,0,0,0,0,1,0,0,1,0
4,4,4105,27,7,7,9,0,0,0,0,0,0,0,1,0,0,1,0
4,4,9679,32,1,8,5,0,0,0,0,1,0,0,0,0,0,1,0
4,1,5617,31,10,10,26,1,0,0,0,0,0,0,1,0,1,0,1
1,1,10448,53,2,15,24,1,0,0,0,0,0,0,1,0,0,1,1
3,1,2897,54,4,9,9,0,0,0,0,0,0,1,0,0,0,1,0
3,4,5968,33,9,9,7,0,0,0,0,0,0,0,0,0,1,0,0
3,1,7510,43,10,10,11,0,0,0,0,0,0,0,0,0,0,1,0
2,4,2991,38,6,7,1,1,1,0,0,0,0,0,0,0,1,0,0
2,3,19636,55,10,35,26,1,0,0,1,0,0,0,0,0,0,1,0
4,4,1129,31,1,1,2,1,0,1,0,0,0,0,0,0,0,1,0
1,2,13341,39,20,21,15,0,0,0,0,0,0,0,1,0,0,1,0
3,4,4332,42,20,20,23,0,0,0,0,0,0,1,0,0,0,0,0
3,3,11031,31,11,13,10,0,0,0,0,0,1,0,0,0,0,0,0
1,3,4440,54,5,9,10,1,0,0,0,1,0,0,0,0,0,1,0
3,2,4617,24,4,4,1,0,0,0,0,0,0,0,0,0,0,1,0
4,4,2647,23,5,5,12,0,0,1,0,0,0,0,0,0,0,1,0
3,4,6323,40,10,10,11,0,0,1,0,0,0,0,0,0,1,0,0
2,2,5677,40,11,15,2,0,0,0,0,0,0,0,1,0,0,1,0
2,3,2187,25,2,6,2,0,1,0,0,0,0,0,0,0,0,1,0
2,4,3748,30,12,12,1,0,0,1,0,0,0,0,0,0,0,1,0
3,4,3977,25,2,7,2,1,0,1,0,0,0,0,0,0,0,1,0
3,1,8633,47,17,25,25,0,0,0,0,0,0,0,0,0,0,1,0
3,2,2008,33,1,1,1,0,0,1,0,0,0,0,0,0,0,0,0
2,4,4440,38,15,16,1,0,0,0,0,0,0,0,1,0,0,1,0
3,1,3067,31,2,3,2,0,0,0,0,0,0,0,0,1,0,1,0
3,1,5321,38,8,10,6,0,0,0,0,1,0,0,0,0,1,0,0
1,4,5410,42,4,9,18,1,0,0,0,0,0,1,0,0,0,1,0
4,4,2782,41,5,12,1,0,0,0,0,0,0,1,0,0,0,1,0
2,3,11957,47,13,14,1,0,0,0,0,0,1,0,0,0,0,0,0
3,4,2660,35,2,5,11,1,0,1,0,0,0,0,0,0,0,1,0
3,4,3375,22,3,4,1,0,0,0,0,0,0,1,0,0,0,1,0
3,2,5098,35,10,10,9,0,0,0,0,0,0,1,0,0,0,1,0
4,2,4878,33,9,10,15,1,0,0,0,0,0,0,0,0,0,1,0
2,3,2837,32,6,6,29,0,0,1,0,0,0,0,0,0,0,1,0
4,1,2406,40,1,8,1,0,0,1,0,0,0,0,0,0,0,1,0
2,2,2269,32,2,3,1,0,0,0,0,0,0,0,0,1,0,1,0
4,1,4108,39,7,18,24,0,0,0,0,0,0,1,0,0,0,1,0
3,2,13206,38,18,20,10,0,0,0,0,0,1,0,0,0,0,1,0
4,3,10422,32,14,14,1,0,0,0,0,0,0,0,1,0,0,1,0
4,3,13744,37,16,16,10,1,0,0,0,0,1,0,0,0,0,1,0
3,1,4907,25,5,6,8,1,0,0,0,0,0,0,1,0,0,1,0
4,1,3482,52,9,16,29,0,0,0,0,0,0,0,0,1,0,0,0
4,2,2436,44,4,6,1,1,0,0,0,0,0,1,0,0,0,1,0
1,3,2380,21,2,2,5,1,0,0,0,0,0,0,0,1,0,1,0
4,4,19431,39,6,21,9,0,0,0,1,0,0,0,0,0,0,0,0
1,4,1790,23,1,1,9,0,0,0,0,0,0,0,0,1,1,0,1
4,1,7644,36,9,10,3,0,0,0,0,0,0,0,1,0,0,1,0
2,4,5131,36,4,18,4,0,0,0,0,1,0,0,0,0,1,0,0
3,3,6306,56,13,13,1,0,0,0,0,0,0,0,0,0,0,0,0
4,1,4787,29,2,4,1,1,0,0,0,0,0,1,0,0,0,1,1
3,1,18880,42,22,24,2,0,0,0,1,0,0,0,0,0,0,1,0
3,4,2339,56,10,14,7,0,0,1,0,0,0,0,0,0,0,1,1
2,1,13570,41,20,21,28,0,0,0,0,1,0,0,0,0,0,1,0
3,4,6712,34,8,8,28,0,0,0,0,0,0,0,1,0,0,1,0
4,4,5406,36,15,15,15,0,0,0,0,0,0,0,1,0,0,0,0
2,3,8938,41,5,14,3,0,0,0,0,0,0,0,1,0,0,1,0
1,4,2439,32,4,4,2,0,0,0,0,0,0,1,0,0,0,1,0
4,3,8837,35,9,9,26,1,1,0,0,0,0,0,0,0,0,1,0
4,1,5343,38,10,10,10,0,0,0,0,0,0,0,1,0,0,1,0
3,2,6728,50,6,12,1,0,0,0,0,0,0,0,1,0,1,0,1
4,2,6652,36,6,8,11,0,0,0,0,0,0,0,1,0,0,1,0
3,4,4850,45,5,8,20,0,0,0,0,0,0,0,1,0,0,1,0
3,3,2809,40,2,8,2,0,0,0,0,0,0,1,0,0,0,1,0
3,3,5689,35,10,10,18,1,0,0,0,0,0,0,0,0,1,0,0
3,3,2001,40,5,20,2,0,0,0,0,0,0,1,0,0,0,1,0
4,3,2977,35,4,4,1,0,0,0,0,0,0,1,0,0,0,1,0
2,4,4025,29,4,10,13,1,0,1,0,0,0,0,0,0,0,1,0
1,4,3785,29,5,5,28,0,0,0,0,0,0,1,0,0,0,1,0
1,4,10854,50,3,20,28,1,0,0,0,0,0,0,1,0,0,1,1
4,2,12031,39,20,21,24,0,0,0,0,0,0,0,1,0,0,1,0
1,2,9936,31,9,10,5,0,0,0,0,1,0,0,0,0,0,0,0
3,4,2966,26,4,5,5,0,0,0,0,0,0,0,0,1,0,1,0
4,3,2571,36,5,17,23,0,0,1,0,0,0,0,0,0,1,0,0
1,4,9991,39,7,9,6,0,0,0,0,0,0,0,0,0,0,1,0
2,2,6142,27,6,6,4,1,0,0,0,1,0,0,0,0,0,1,0
2,4,5390,49,9,17,2,0,0,0,0,0,0,0,1,0,1,0,0
3,2,4404,34,4,6,8,0,0,1,0,0,0,0,0,0,0,1,0
